customer_id,name,email,phone,city,registered_on,loyalty_points
CUST-1001,Aryan Maharaj,4a2aaf40197828e3c2ac862a1c99d3eb01727cc3daa491a05431c791c04d0dc3,2683bf3be84fdcf0630a40e1057279b635a16e40e431917df472005b72aa8a9a,Bengaluru,2023-01-13,379
CUST-1002,Udant Dewan,77b1d414a5332d5a4121ef4f311412adbea807e37957faa2b275f6e75d304ce0,3d99fbd7b8a31d0b1d272ad053360fa7440a31d55d768276f20191f6892c681c,Mumbai,2023-04-25,71
CUST-1003,Gagan Sami,d5bd528b87f1e170a76ae8e174c2ffdf80016fe93ec6a2bc463293e81310657d,b98b37bea03ab6f1092b60c32a6092ac35fa4a4fa89aa2a52f521b32fdbc00bc,Bengaluru,2023-12-13,379
CUST-1004,Ayushman Chander,fa5dd1926865e0a8f401cb0e256b65c0464a549541bf53eb493b186a86159b3c,59916d7e39a3109124464b94006a4c38a6fbf8443e487c03f9eefadfa3e26aa3,Bengaluru,2023-10-30,216
CUST-1005,Viraj Tiwari,db30ad8c3d637bb4dd5ca2b2fe52f7fc4471100e45bdf442145a8e26eb8a7aef,6216e20eaf0d4142a10c09882f00ba3e50e5d4b90c477c2392cafbc5a4b8cc0a,Delhi,2023-02-17,111
CUST-1006,Rushil Saini,f4ff1c0045961a2ef36b623080970a94f9421799172446d28cb4db7818fb6a21,e55419e3df24fc37a4c9d4654173fc9aa0efd99b1d987a52a8bf5171ebb84f60,Delhi,2023-11-05,13
CUST-1007,Saumya Mall,74ac4042a25ae671b4195835425cf923a1b70c02bb3d18511ee0ee3828ac32ab,2fd44774ecd30090ceec18b34d49a63d516487b957c56919cc22c2346808bdf9,Bengaluru,2024-01-02,332
CUST-1008,Nathaniel Sami,9e951dee091aa27454a886c0103723cea9857539922ddf8a5370e993ba79a78b,0aca661c5ceffc91c6b5c77dea77ecdf869f4f8a6869aa7d644abd4194d89833,Bengaluru,2023-08-03,112
CUST-1009,Arunima Dugal,9cc355c5fa5cbf74ea1863614a022475a5b2979e828f8321f73ec360a345d176,99e8f8c0789422a159ab0ecce6001feb61fe0c17aa59ee20560bc67873ffef50,Mumbai,2023-05-23,414
CUST-1010,Gayathri Chaudry,07582819dd76a4e7de151ca4f73a19a7ed43b56146c72d7ae9ec3b36ae7d4185,035ba2bb8c82f97f4319396036d8e9043659e5d8be28295dccdb548979018718,Delhi,2023-12-24,216
CUST-1011,Lajita Chatterjee,,409a7725af0ec2e11933c13ea992da5041f939c1f91b3e76afb0ebb852dc6abb,Mumbai,2023-03-21,110
CUST-1012,Hemangini Lalla,,67d96203d57456e04a9dd7e797906d98b4060868b9876257d2fc0b8d0963c7d1,Mumbai,2023-02-17,194
CUST-1013,Tripti Yadav,,833a28e293b52078c7d63d8aef4cc42d9ab50aa25b253ede336e1662dfbfa438,Delhi,2024-03-09,176
CUST-1014,Kritika Brar,,e59980e9b6cc847c6e245e9e68a16d0b0f44633107c59436f16c96b5431993c3,Bengaluru,2024-02-18,22
CUST-1015,Janaki Handa,,4209b97099d8c392e73a67559768be8b662686a2202b260598aad64c7406f983,Bengaluru,2023-10-02,63
CUST-1016,Chakradev Kari,,fd71a0db6352162feb2d4f2af1c4691a9e8ad53aa832bda8192470d10620bf9f,Mumbai,2023-10-10,150
CUST-1017,Fariq Kaul,,f6ea8685b8b028bc9932916e0dde2d0fc83abf896b8c99ced544b75cea986dbb,Bengaluru,2024-03-17,185
CUST-1018,Lajita Mall,,51cdfd93fd5c46b90dea4128fa19d47ae3b8a1bb4a0b112138143eca893257fa,Bengaluru,2023-12-27,35
CUST-1019,Janya Gaba,,851dd0ac5a8052cb33a2db740ba540be91f5ee3538b0cd55d27839795310e2cb,Delhi,2023-04-27,395
CUST-1020,Isha Kadakia,,d85b496c741a333f4f551d79def8d075a894ee19b5e6232a63c5121852d788cd,Mumbai,2024-03-13,119
CUST-1021,Ekbal Garg,0b60456043a8500ce4491f33099e608ef93ebe645407041886f603726cec445d,,Delhi,2023-05-23,232
CUST-1022,Nihal Shere,7cb56a144c70ac05083ef3fc86fc66c047fbd35f03dae9c71b5a7cc59c493adc,,Bengaluru,2023-03-25,189
CUST-1023,Anamika Kanda,801720c3485aa3f73fdfbdea102a0c10c8ffafd37b0c227a0ede3375d684821a,,Mumbai,2023-12-10,136
CUST-1024,Daksh Karnik,87458e13c133b6ce9df64b95ada1ecfb0f782b28f08357eda29d1d737d909a77,,Bengaluru,2023-11-28,36
CUST-1025,Diya Rattan,d3748bfa35d75c80522e6c7e282bd685b3b77785cf78bd4f6fdf8ae13d001e9a,,Bengaluru,2023-03-29,273
CUST-1026,Dominic Kakar,52fcaf9adb9e6db7716594b973a8787428e33e9f1f38e15efe94a7a232244c67,,Bengaluru,2023-03-25,236
CUST-1027,Simon Tata,1be7a339b541aebfebd3179a1362d79dd6de3e8b184d615deb338492bc1c9b52,,Mumbai,2023-11-24,352
CUST-1028,Tara Dhar,4159e1a60b0a71cdfcd28d85a1ccb925ad00091f08199d7e78b70ca9de116661,,Bengaluru,2023-12-17,166
CUST-1029,Liam Koshy,56d5d3dec35999b5518ef7cb43c78329e973560440d35c586345f42d9439ce77,,Delhi,2024-02-25,16
CUST-1030,Priya Rastogi,7831b97e4701533aad7c9f7abe303cd22e457dde302773cb4a4406b3d3f165f7,,Mumbai,2023-05-18,33
CUST-1031,Theodore Devi,cff316689234059b57b998f3a036a1db3a1564b5f71f09c782cce9a608795f46,2fbb7e0efc582422e082299b92637abaf5d4426ec0eb3170919bea18d7d3b54b,Delhi,2024-03-24,0
CUST-1032,Gavin Batta,43de5e825e52b1e5d3471eccd1cd4430e4bd5e6f461c7117cbbce2b472282b51,0248631bd0786e6b7c894407bf652dc036dfdd53125e64afea3c09bb10ba6392,Mumbai,2023-12-02,0
CUST-1033,Michael Dutta,b19ac619565f6d41750af00345b00b5bca34a157962d3a136bcdc9e3af8c83fd,88dfa3415ca38fbcbecaacfc7327058b5cabaf5b4a08582eaf7ba8b3e29e9afd,Mumbai,2023-08-23,0
CUST-1034,Devansh Rajan,70367f44223ffd95fc76c6ed229f856e65aabb7b39198e70e24aea1264f5d256,b80a150db9f404fd1d125abe97b8bc7809ccd8b188120bfdf50f7a9303c6490e,Mumbai,2023-05-07,0
CUST-1035,Upadhriti Wadhwa,2414b38b755a8e9007b835dcdfef6e89c1779068ea1008dc52b73646235f1a95,49fc51a6a43d09e0c6dbbfc7f0e2bbc704e0b87613debe465a1efa2eda94c9ce,Bengaluru,2023-05-15,0
CUST-1036,Advay Contractor,42ce8d5ff66ce868b75cb72acf5509bb93f9ebf8b90e49f0fd54e649f0b55f9a,ab623b8f8b9ed87f8b57ca64f3c45ca271613f01cba3bea8bd6a5466bed0ea62,Bengaluru,2023-10-26,204
CUST-1037,Harini Choudhury,4fe85e7bc7757ceadffb27684e026e6210f8af1683b54c4cbda20017f1ce326f,a62c7898ba29e67f6344f01db3b3c9df95c1f0ce1b3a783e5d5165aa53446fd8,Mumbai,2023-03-12,260
CUST-1038,Radhika Dugar,9cc9cb30203948d51730302c621cdf4545d0610cc92830787fd7c23405792c48,31fd7f29812ed6a113802761f20dc8bb5630cb8b5a8800611e187b6586675180,Mumbai,2024-01-22,24
CUST-1039,Aarush Lall,f64e915a0790ec6988df25961de714adb166c1b78355655aabb69a88bd7a4c29,1c380f7224ca0c33719485e4dd386bcaacaf99823896bee478d19e40d506498c,Delhi,2023-11-18,81
CUST-1040,Yashica Cherian,c53dd8e9ab6e26dddffd6032f6d0a5860233761975a379338a97864104dcf589,577ea4ff77247c71c3d9e2612d3a6e79d7a94e7e6142be645f1477782a5385f4,Bengaluru,2023-11-02,32
CUST-1043,Ekiya Suresh,0d01a7d8ae223588dbf828a00d3fef158646510322b42405cde9940baa8b75b1,086f7dfaa53aeb5b77e998bcf61a13107d87ba81ae5d91b0962c7ee8bf835b1b,Delhi,2024-01-05,58
CUST-1044,Isaac Patil,4e4159b7c2e0d1e32fa5563e92d4e6fcbfa6dd2265c343795e7e53391637e411,2b1ae6ddf23e4cc5ff42b03beb8c038d61121555589ce7e355058c461083250b,Bengaluru,2024-01-20,136
CUST-1045,Wriddhish Bhardwaj,da79a3d63a133ceb502399372076d217713cf47e07d2edc00c608ab2cb54a6bf,3602d8dc350b4373369588bf6de5c5f32cc2e6b1263916b12998f087de6826d4,Bengaluru,2023-02-27,150
CUST-1046,Farhan Chada,18a5bdba3d9f39d646f0e19d7105cda8e4161d9c50703b702dc03b4970a38895,8ef663e2a701ed93b974f0336d8f02322cd9a95fbbab129d4dc8da2b9ed3a5ac,Mumbai,2023-08-21,1
CUST-1047,Ekapad Walia,b6ea18c0c64576daa42bc07c12402aae6d7cd8da9cb44f150eccc42880382bff,926fac8c55853eb03b0de9542b3238dbaae152018b8f14b29c78085d57a141ec,Bengaluru,2023-09-14,390
CUST-1048,Kabir Soman,9c94595385539f3e46938f4b23c5e70d915af15fb6cad9acc1e544e0c166f0ec,c610b84b6392c689b4ccaf4629f98b3a9da8e60a89f23ce1110472c164acde37,Delhi,2023-02-24,445
CUST-1049,Alka Wable,c67f11c56d700e9932fc084195be6fe5996ef55683c6264e3ccad17c6ae2cccd,21b0b3e6a51e07c3328fd0a545b636463f9f9efb01d5326978f06c54c4d891e2,Bengaluru,2024-03-06,327
CUST-1050,Siddharth Zacharia,d93575437f0224c4dec64d1f36566b4e9a3f992b74e2210566fa69c638b9a1c9,47275ead561d6f4e57d15009fe46a7bd52af1cf28b11f61645e0b05186902e6f,Bengaluru,2023-04-12,78
CUST-1051,Devika Rastogi,cb899aeb0d5798a2cb3f84995f8a7c4ae1c67a88151cddcdc3c4cfb3ff15fdc1,36495b15da3fcf7e508616a643eee1986cccd5ad6167597875d8aa301a449015,Mumbai,2023-10-04,488
CUST-1052,Raksha Varughese,37cea73c5d18fee2f70a02c7ca4828c830aa212173f51bfa75f2523174e02a18,2abc3be936399885b5a6aaac295ddb28ad6120dfd7857eafa52bab22904adbf6,Bengaluru,2023-11-03,165
CUST-1053,Jai Kota,4b3f7956d89e4cfd993d87f21629cb55f5bb0592740c9e7fcf777ec2a59e850f,7287128fe558e0f7dc283444d925654498ca8bcee8a30f74439f1bfd1617fcd4,Mumbai,2023-02-27,475
CUST-1054,Devansh Nigam,302137721896cf2f308b64b257860b5cd85245a1a13bd0a0157995552590c100,503e9c50f135a02435071c26f26a3625a4f739fa442816b1f2c9c44da5f80fbd,Mumbai,2023-05-03,29
CUST-1055,Victor Kannan,081ac5e4ba8ffc3680acf89ae41a97343352a08cebd5566f26a07f3e52ae721a,a12a927372a2ea204e7fa7ef9e436080813b37f9acfa8c333c9dc37d59f90183,Delhi,2023-02-10,43
CUST-1056,Ekavir Bhargava,c45ad29561343db416fb4ad982121b5d70404bb862fa1d5f2d42431d4ce47515,3dc3b037952424380f455895fc8b86da819937a672c3a2a4df0a39c8909957fc,Bengaluru,2024-02-22,35
CUST-1057,Ekansh Balay,6f9175d6e1ee22d688d23c081fbf32a794cdba28aa0565da086f4cac860571dc,b4e1cbf84ccafbf3aa11b7f73ab2153735b02c3462bd077e1c45785ee538378c,Bengaluru,2023-03-07,337
CUST-1058,Ekavir Varkey,5e3a2632deed7eaa6a1cb442ef454241524d61c6328d64da1e50c6a9cc2e978b,025c48945dc0252b945754bc672b018453dcd2c359f474a48dadc8950b10dd9e,Mumbai,2023-03-26,135
CUST-1059,Arya Sunder,e8ad813bbd1f0142dc45ac5b687fe930d2ab46d34eb949ac300814ec7c7908b0,b865d512b79f0b84373dc44bf38b01dbb948ac5709e23c3e4597f71b30966407,Bengaluru,2023-08-05,493
CUST-1060,Kevin Solanki,b34c6de8cc91582cfa2f10cdbe6229056c9cfec4523cf3bca00fb7ece881de44,ff584fa0fb4c27e3bfa8930fdc7e4c89700d43d4a7d0e32d69b9c9d1ea668508,Delhi,2024-01-22,373
CUST-1061,Urvashi Ray,be87f55bb4383d02886acce8dd128dbfda02d3fbcf388e9bd29ad53f04e8f8b5,2e6b563049bc85f6d1b17e67cdf23be8123408040f038ab518cc38cecbc3db3b,Bengaluru,2024-01-01,159
CUST-1062,Girindra Chatterjee,9e72d8f1b581d0231c5e26cc5076433843d07519e997145301f34a5177f6fcee,7293e1dbf39d7f646d394d3add64df5c9865019505f676c3c62355a2c23b10c6,Mumbai,2023-11-29,191
CUST-1063,Irya Sampath,5b9a3e13c58d8a1d8adc61744cd08d0b60d1b29bfcd516c89b47fd755143083f,61eaa62189c614e57d620dd45c5d66f766069ba0277cff68e7c627598827acd0,Mumbai,2023-08-20,61
CUST-1064,Unni Bhagat,2d392c037ba81065b55452cb5f1be84f204396ffedf2cde32b4d94eab3c48505,4ae9be58d02c7cadaa9559df50781a0c879c2503de11f3692bac55a50a5a87d0,Delhi,2023-02-02,173
CUST-1065,Darsh Rau,1616d7df79844fed236938a241f77d7f1b6ffcdbd42afddb5800f1fe64f73ca3,4241ae8fd4abf7f434a1bd64d9cc04c610342b25992454a35f42a9a3190e5fb3,Delhi,2023-10-11,117
CUST-1066,Ikbal Kothari,3344ef1f7d38323ef3b8079435e2b120319e1fae165d834567e4b6c22d760d0e,133b4e0c1cc5373faa3a6c12dcddb465ea127b389713b85cc63fc7837320acf1,Bengaluru,2023-01-04,36
CUST-1067,Ranveer Yadav,64ecdfcbd51572d6c49e084bbf4c5e62308fb82cfeceb7d7caa8b8dd69c71c3a,5ce8e71e00912b77ea15ea9abdae31caae90e847f2d2e54ba51fb6ef59279991,Bengaluru,2023-01-31,117
CUST-1068,Logan Sami,d63c45d2c4a8093b8c62fecb275146401f694b0eeeade800b0778a85fcd94101,d2756dcc92f46193a3caa2c31481ae2efe63e4f195760e6ae87226bdd3e46432,Delhi,2024-03-16,169
CUST-1069,Arya Shere,69d57f027adf49d93a38e285f7249e294a064cdd90d8f6c66251ec3427340b29,6d2f4eee1cdf842162450850bc1a5d793a066a5bbea9d5b203e7248a0c52172d,Delhi,2023-05-02,142
CUST-1070,Faqid Savant,80ccfdf96577e3f4ed5a53b24d02e3fbe5d4438295ba5bed063c507427099903,03618fbe0ddbe0a40623fedd17ac12aba45a9395367e917a96e4dc4624d2f382,Bengaluru,2023-04-20,276
CUST-1071,Chandresh Zachariah,853fe8c55c052469e321573743f723edd9d8d6448e151a36cb0c4e9466ddac16,8a2e11dcfe13b08a0e96b3834a7f5d9440e395942b8d0716dca5ded4c46d4b00,Delhi,2023-10-23,242
CUST-1072,Girik Khalsa,461692d5d2170f99b1bf707cb125ffa4db67ddf1effb0c30f2c275457a687330,881bdbb0900739fbbee2ffcc8aa952ceb398e3f1848be305eb5823372e351244,Delhi,2024-02-18,208
CUST-1073,Niharika Sunder,8f6b8717fbb08b7ff868bdf69c46aa5a58d9afdeaa273e79dea653f754142145,827afce4c712daa69425a926b5d39d580668b3361551b734171dd62720443930,Delhi,2023-02-19,337
CUST-1074,Tanay Rattan,ec2ba6d9998a739e0b822641bed31f2313f85d19f75b6bd5892afca225913597,bd49480f53fc0a77a0f5923c38a7596662576005a46b2444b0578335c8d1f12d,Mumbai,2023-08-05,210
CUST-1075,Nitesh Raghavan,68a3a57ec83789de4f8d0008f10ca1c58cb184ccfb378aa47d00c87c7737557e,7de88e9444ffff175dc87fdfe002be7afd6a209b8dbbda21c04df7a8b266cc28,Mumbai,2023-12-11,334
CUST-1076,Madhavi Lanka,d00b6539ecccf5a71dd553c1afd7659a8d7947b5cfe8acf58809394fab67fbb7,aa38363a2ce3c5c4d98a5e233c6be0004109f30c3a304046277cf2f0fef02ca0,Bengaluru,2023-02-01,206
CUST-1077,Bhavika Sampath,8eb0f35bdd71782eec4777ebbec24973a023f0550bb1b5d81edad8e0caf644ef,630f4b0709dab934c5d1a86bfa602841bade4af529914a30634c1c247569662a,Bengaluru,2024-02-14,441
CUST-1078,Mohammed Gupta,1e29fb46816f4b4082c09362994db1cb8bf955226d2368db200f3009c1e96fa0,122975e2cd14aad29d6bcb24c5de4c8656b728a77a92c390ade959be83799f92,Delhi,2023-04-09,97
CUST-1079,Teerth Bhardwaj,ccc65163cf0a6a5f5d6fcbc93ceb84305f234c3356d1d371803075fac46a811b,d49e7187a2882b22c56e1eeac0af739880c7abbd1ffdc08a4784b844f6002433,Bengaluru,2023-03-13,216
CUST-1080,Dipta Bhandari,9ef4747a35ffc875a60ac6f6f876648619ebd3c5f32d54f5f9456844a5679809,c3cf4961a6498969061510c9fc8bb80e0dc0e2e02b951a8ae6cfc91687425ffc,Delhi,2023-08-25,127
CUST-1081,Vansha Thakkar,1689f77c54ecbc8cfe0f1ab90c06a2ea7ffbb2ba7bcbbef1d40c0f0f1c361c5a,2034f835a9c0c61e123d38aedc2a59cf0b75210570c5614138819aca9890491f,Delhi,2024-02-18,441
CUST-1082,Dakshesh Trivedi,a1dffd79b7a233196ef3b8b91599f58965aded81eac8fd22b7889da93d8929fe,d41edd9bd05c3d347e04738b7dd7aade53b095cda4abee73b3740e3780fa57e6,Bengaluru,2023-01-26,333
CUST-1083,Quincy Biswas,263463e77d7c0c38a6266432ddc760244dded3dae0e564030eee9ba2f41ba660,8bab0182ee6ae0765cb82005cd85df805e50ab6d03e5e4dd435ea79429b2446b,Bengaluru,2023-02-17,474
CUST-1084,Wahab Raval,4cc77cc7e539003b5ebaa5de2f194d5b8fed78a721db2aa9cc175ecc60d118e6,27b6145616e586fc75e5fa60e1e14b9d5ea6ecdde79a9f2dfd02b5b250300880,Delhi,2023-07-28,248
CUST-1085,Yatin Baral,408b66070d62bca0b49233cf9d9a31a397850d68ccdfdec1229aa7a8648529b9,abbea6c18c71c88d2d1070ae5fbb303c2365e303ecda18d3af481fec84d9d4d2,Mumbai,2024-03-18,205
CUST-1086,Oni Virk,8dcd72a3c14b457c3cc83b4135f1b47baf0b3ad35a4ea11c232f844fd7387ecb,e7ce53f7ee82f394da3d6af744fb1eb4915d16a0686d68a0dda420a2f84898c8,Delhi,2023-07-14,1
CUST-1087,Advika Jayaraman,803e2e8e6f14433aedce9889673f6ef904a4e0529fc4b9034dda63c9bfefef1a,32f210fe5284a4f48debdd4956dbd2fe143977519ac3583b39aeb20c35b67e07,Mumbai,2024-02-06,401
CUST-1088,William Lanka,390f23ecccc7dd15b816f14c151d652f47ffbd2ff1e6f91cda50ac1489e2883f,68bc32d9d6694fbc83332ea361254d65b27d216a48e2e471519263f0021887af,Mumbai,2023-08-05,356
CUST-1089,Karan Mital,205895bd01c626f09ffda06c4ad3199390efecb20281ffb00e461c4e237d8261,7b20dea67e104c5420548b17220225fc3ffb9db24a113e474b972e27f3985dfd,Bengaluru,2023-12-05,367
CUST-1090,Diya Bora,233a446451f6b5e74b4962a721b6665f524aaa69bd8c26f40ea22f9bac608556,c34cf8818d579ec550de1f486115e60865553356708696442a2ef07b94e27c3d,Mumbai,2023-04-08,151
CUST-1091,Tara Chaudhry,0a2e57f2e0a82ba026e95e96c49192e1ff361af15d37717a5fb86b0c8f65788f,d6ebe2bf14c5734a7bbd4b99762e256e42cc02639217fc50155166407cbfd900,Delhi,2023-10-24,376
CUST-1092,Tanay Toor,c40e01eef7884597aa69ddfa477659b8805c28ba338f5eeb6946409bcbba697f,2a241e8ebbc06310c805723f9fbebde4fe84dd5ff543ff3b94171541d270d080,Bengaluru,2024-01-18,160
CUST-1093,Kevin Palla,d2bfc3655e68d50bf29813adf7c1411f74913b3eebb6f5195ae2b6a68488b4da,19432698aa32bc782de2e5acb630c5e306151298cab92ae22fb66b46f0d39490,Delhi,2023-10-27,244
CUST-1094,Yash Pingle,4b300dd176782c0efef63175a75ebff837db7f7269c66f1cd4843b9a46d4af7a,9d233c94b73aa1adc6f41f52057187c1cf8cf541cb4b8823c079eeed4963e09d,Bengaluru,2023-03-22,29
CUST-1095,Nakul Sarma,43fa62f3fe9d08bbdeec904c5c94935494fcaada8f75b011d851d56190131e07,c9707cfbef5cb1ed96a8265c32eb6aff12cc8a37432ed7614c8df57d85e5aeaa,Bengaluru,2024-03-11,95
CUST-1096,Abhiram Mistry,7a91e8a5dc2f77e85172a82a5c9bc58966734572c0bf6ba32725067ea78c1cbe,d6e8be10e8de55caaf176afd737dad817f9d7af3ce13cdb36586fc888338652b,Delhi,2023-02-04,345
CUST-1097,Krish Lalla,882119463660777ce1753eb436b5ceac6ada04907e9379bc0a582b6e20637c16,6499e5f7808c5bb3027f428db3f238bb285ed4baf84f164303ea2e1c085cb45e,Delhi,2023-03-03,482
CUST-1098,Hredhaan Dugal,5b626a8fc8208c5dd987699ea607ee001aa2b3ad760d0fb81a90c5b73c26b470,da27603c6c72c89aae0202ae1bcb6315b87455525a630f1ec2d40e59e3942206,Bengaluru,2023-10-24,304
CUST-1099,Baghyawati Kade,956be14a7b8d441596e09d959e13c7900a1423e6afbeb02ff3e8670d0d48083f,3efea4c220a96d7845d8e12edfa0db043ccbb325864a756b7b586d57936a0ff7,Delhi,2023-02-11,214
CUST-1100,Samar Lalla,729bde4064dcb540e4e200b92f28acdb69ba977fd83e958d5eafa4fe52b1668c,9757a943c6e00e708d0d3ee6850e65e4dd3453c0f93a055e779d2a740fd2df83,Bengaluru,2023-10-17,267
CUST-1101,Zayan Behl,fe1ac33d339b5681666d233f2aafa743cdb91046a8c11a35e7ba5186522c73b7,1c10d355bd1e663802b566fbf2201af4d0fceca720cdc75f2acf72c0c07ac0e6,Mumbai,2023-04-15,342
CUST-1102,Pallavi Malhotra,84b3ffe9d3c8d4a2786c8f9302ede7676ff68c23653fc33308fe1f509b855894,3c82918eff83abbaca8e95c6cef191464854d805efde32be94e0ea62ee97b58c,Bengaluru,2023-05-03,135
CUST-1103,Aarush Nath,81602cc4970b9f9b3f2ff5172a7221c606c6cf7fdc13542d54897be58ce74490,59ab24dba008274fe28a8d5abdb52b8cfe3a15aa442c2360c6b7148365c9cffc,Mumbai,2023-12-10,330
CUST-1104,Adweta Edwin,fa3ba7038ca0197d74ee1beb6688ade80cec69bd4ebf6b0e32a087e56ad579aa,73a15d4c94f34a61286c084a76e3fe31659455c4f42c86bcc110c258afc9fd98,Mumbai,2023-06-11,475
CUST-1105,Prisha Andra,5a993275923ec5b950bc29df4d73d8ca6bb1b50aab647c8936009a44eda3818d,6a3e3028baee9cb651d0cace0705d7a0e9c213797061010bb796883c743cab2e,Delhi,2023-08-23,318
CUST-1106,Faqid Dixit,8d36b99f51056243b015ad5fc078c8913754980322fc31b68ce096dd5823155d,121dd2a328b4df9f6ea44456a453251aa188c52be587d98befa7851a5c95f7e3,Bengaluru,2023-02-07,275
CUST-1107,Kala Divan,a3e42bb4ba34a00fe5323fb05fb632c66455cadabcb462e2ff62d86563ba47db,db7908f9bad2cd17b40a0319af331010751e90a3ec87541873e52b5c375de60f,Delhi,2023-05-16,67
CUST-1108,Joshua Barman,e42b32a71ca763d000c3f1e9f94fb43f1f8c97292d0cc3347ade063fa81153c2,a824a691e7a4624e18465756de3f1064a6446d807c26fb3e9afebeee2781e050,Mumbai,2024-03-26,125
CUST-1109,Janya Baral,004f44d9209adc0ae9b7b0cb7530599a0b72de3284b3a2fd6bf3f31608897863,283031750314ddf05b030b1a2d2c2b2ef8a6e63a8679d5a59696acbb747deac9,Mumbai,2023-03-22,224
CUST-1110,Shivansh Krish,141289b8e4c4490981bd554fcab0b92b2b35ab5561fb5a9548cce647db23a284,783f7a8886ca7d273aa0cd0da6709f00bdf491ed10ec874a45568ba8d08fcb72,Bengaluru,2023-11-10,413
CUST-1111,Irya Ray,268855b826d91b158e4feac8647da82738ba0700bedfb762d9f6c14c83a45c0f,ad23784a21fa0506a26e3795b04953fb7d326fb0037ce05f3596072cd0b04b3c,Bengaluru,2023-01-05,341
CUST-1112,Warjas Gaba,43b94e8d6ea3ea2afc8f0de75c5dbbd0ee961ba01bc45bf373c2a593234b37e3,ba7c0f137fc96ec83e5b48768f6d2a8604e7e2223f04bfc70d3491ee57869a90,Bengaluru,2023-12-06,53
CUST-1113,Nitara Bakshi,418399fdda90879760a2663b2b115e2295476fdd7cdb23d054594561cb7a87aa,cf4dd2c71354ae1ead42bf502cfcb33d56ed547a63f5186f7c19bffbba78da50,Delhi,2023-03-01,455
CUST-1114,Gaurangi Sabharwal,d9a12aa773671564ae7f4d23d16e7f4467596e5e7d30cc8ec33f36de9a630dfd,de290a36d7fff1ef7c99967acf5def7d61726a48bfd2454d7e7731128a3fee59,Delhi,2023-03-21,139
CUST-1115,Amara Dutta,42c7996dc1091a6701d13b7402aa1ff648118f1b96a73fda3b384c80f9357be2,8bf931a114cb448e2e0cf9f4fabf82b2f2dcd4c7f34052e0058fe81fac3019be,Mumbai,2023-04-18,367
CUST-1116,Lavanya Barad,5f3bb55bfb0fe36f956ce0a15a55cc324c97d6265cc14aa59cc1e967e61e4812,dc5e9d3faa2424100cce0bcb18f0863bdc56c4830ab8cf313f4595e1ee958fd3,Mumbai,2023-12-18,324
CUST-1117,Tristan Iyengar,19f0dd9fe18181d62a43684ea4310c86a177eb017cc8a6ee2041ea9c092ea451,e9b21f3a9aa4398ce49f376c42a476392564e2f09150b10115886ec5a209d42f,Mumbai,2023-09-08,128
CUST-1118,Inaya Mody,0d489e45e600ce4b99e5cfa83a32201508fc553bf5da54d961d1d40e76ea97b3,4f1f2428ba694c312f90aa37f6afecb90f17bbc58a58cb78825e64f43b6e167c,Delhi,2023-11-21,216
CUST-1119,Udant Bajwa,b8ee1764db05613a55a603ec38efd735cb3a2f67a2663173545dcbb8168cb5b1,236195913c4bec0a0ad6767276b46ecc3523b60cf69806f1316417161f586f33,Mumbai,2023-01-02,170
CUST-1120,Mohini Narasimhan,c25607de50d6c33f2fbabb770afe40ce2631ab17af6a75d774253fbad28dd5d0,91f8107832b82ee2f77981ed13164af759eae8c282866188f8f21683323c1220,Delhi,2023-05-15,82
CUST-1121,Ekaraj Mallick,2c1035bcb1c1591d40d30e5bbd37fdf13d1d06a1fa95d81e4a3e4668abdde56f,5358d22e89f4507a996fffaf56a780fc8615339e2e36ba1401ac8f147c28c191,Bengaluru,2023-10-10,361
CUST-1122,Yashodhara Ratta,cf282fe46c1d7b76c698eddf402da02dc349a088a3e65f5d72a12d6b4b2fd271,b0c59be683d6089d6512180cf77f0853aeea9a230e4007d6be2f7e4afdaddfd1,Mumbai,2023-01-05,57
CUST-1123,Ayaan D’Alia,da09f0eb6b7940ebbce613cb0dfac2ea7df8500ac322c8e32d09b9eadf89ab32,8403dbbb5779f7bcd1b92909e3de0fa15462c3d456ce3bdbc25be6f5b32d8cf4,Delhi,2023-03-18,279
CUST-1124,Pranav Lanka,04912d5a69bf4f51266e4512b1aecfcd89b33555848c802eeca65f0c15886ac9,18842c4debed7c527ba178e5b8637c5a97484e97176636f51598190a33d1d1d8,Delhi,2023-10-26,282
CUST-1125,Ikbal Saraf,9c59717e30abc1049e5f3c799586580df53a589d79616db5996299a074ed80af,9a16deaecbfef6e3559dd29b2efb8d498be8d5b0e64f37ba72a7ba3fdbcce7d7,Delhi,2023-03-07,21
CUST-1126,Dipta Sarin,cf00c49723f44cf26ce92b1fc20b39e1fdc43250c9dcb45b087df03955f485c6,af8dac2c3f34a1c898dbe19b640a3059e0950ebc287e2c65325fbe28593ac7f1,Mumbai,2024-02-12,497
CUST-1127,Lekha Gupta,3f8d7f2c26151f6f98d0ce653efe503bf6371813dec85c5511c92492142628ec,709624c2dbc7559d224db787406801b201541f1c2d07b73883b0e64fa2d09fce,Delhi,2023-04-18,349
CUST-1128,Chaitanya Sarin,eebf99af890e685614488d3cfc84cbba2413a7f409cd47437daf8e29e8d81d5c,4730ee0326a461dfe449845787b312c910657f6b5804e964adbed1877c530845,Delhi,2023-02-22,181
CUST-1129,Zinal Yohannan,7ea66d3118b9d5585e6f393194ad436be24fe7dc975e2685142a9e2c5413b16d,6dc1f0274e20ed482888e2959e8834ecc9d199fb7a6cb8cb43b826dc64cbb80e,Bengaluru,2023-11-14,383
CUST-1130,Januja Sankar,c2d9e2c5a944687bb2187901b2396d763ddf2b03e7b2e1db2a1705a07d75df4e,3545a3b11946446c1b03bf4b44cd48a39b4dd94331e527af7c209c167a63e71f,Delhi,2024-03-18,83
CUST-1131,Ganga Murthy,2d12a1d43920e30ef55f028d203e6eec78bf801447a8c1ade1f117e4b7b1c47f,e585d42eaf8db17a9f6d7d43ddca16e6f385c3fe97a7c134b0dcaf526b387377,Delhi,2023-01-13,91
CUST-1132,Charita Tripathi,52000e74448d2e11f2800c5854625f52c98afc395b2a8ae647d4f066afbc9911,33eccd34449615bdc67e56cfff024c9a9571402d850e77c2132ffa961d6a38b4,Bengaluru,2024-02-05,476
CUST-1133,Nilima Narain,937f5b3383c0d4fee5298b4d0ace3a4174077892d6f02634f2f224f77f5c52ec,c65216c15fe57d3f0bcbaaa198582b52a96de10042a67be5b797f30fcfeb31c8,Mumbai,2024-03-18,376
CUST-1134,Chakrika Datta,b1b428b418718f5cd92fd471a9946befe4cf6eb40f7de6ea0bcad2e3383c5754,f7fd5a5a1752e0b2ff45db542a095bc560bda9efada34f2316b1dee334333b2b,Delhi,2023-03-23,403
CUST-1135,Osha Raghavan,0b29efde6f7df5889bde31ead769ff4dbb7ff895f3219c78a25dcd8b7bdfc126,f0750d7ad87ac3e4003cadc5b4b89b5f5111e76946fbc7c791daf7343bb0c465,Bengaluru,2023-07-15,446
CUST-1136,Charvi Ravi,d3213d2e20a0a3f1c4b700c1e54ca87aea434a098d67bd2205a1c8e2e63c0f47,fcb22f591dbf367e02df78a64f116c20fce19890e4bdfc1ccbdc50bf2257dc5b,Delhi,2023-04-24,102
CUST-1137,Daksha Mangat,186c00425fe71f648a13d90c452435257d26aae4236c7e2a470a4575926b8d61,1e242adddd1596db24defff8d24e0f99eac56c2bdf06268d2f462ea4826568e8,Mumbai,2023-06-06,420
CUST-1138,Qushi Nagy,68fe91c1c06805e4618739387be33bc664c28548b4e9d6294192aa1244246617,88f7e8fe915eb12e5f9472573982228166538cd15e453fb866f55d37fc15521d,Delhi,2023-01-13,337
CUST-1139,Riya Sathe,36dae55515dc36262c243d989b39f358729b52afb89d54dae75a2d950495038a,f122ea7f24cd2a74916856d234e589f9c6be87b959ed9b9109bb21004be0fa54,Delhi,2023-06-18,142
CUST-1140,Yasti Solanki,a1201e81d9bdfac565f5a9ea43b7f35526d4aab8f732fdcc5b7506c26935a2cb,c89466919b6dbaaf2155b4ed6bb1bb3bb3986443835d56a8b050e51c7c492eb0,Delhi,2023-06-29,328
CUST-1141,Frado Mander,f5a24ab84aa3421dc68e1e59b5581d7cab8b593082e9e6bd683b6f20a4093a5a,66d5e401a75c071592dc138aea45ca098fc1f80260ff83a81b9d2d9bd370ec75,Bengaluru,2023-12-14,431
CUST-1142,Girik Keer,f96535879d9cc5284351353c4994f0ef53ccd8edcc854cf897a4354c19fd1547,0a3c80136275284dd28b67bda4f6c3699dbf54fc2aaac42efe2d6acf53f240b0,Bengaluru,2023-01-15,59
CUST-1143,Umang Issac,da35faf534d092600a8076432db2ad928472cfee095e4b775425dfb81e38007c,72dbedbe78ddff9c7bcc5fd22c8473cea09eea0dd7ec361255709c1f28b77088,Mumbai,2023-10-25,492
CUST-1144,Aryan Batra,8df85893d5e7564e96d1f76956a14c462e0644afa445d7a86621109603c133ba,8bba172e2d93e70446a680b0582e07902e16b8fa0c3868d7148afb2fe34cdfab,Mumbai,2023-02-25,305
CUST-1145,Vaishnavi Bora,0438e35b88887224110538ce8a877d858d6f525f47111f090cf8dccdb5fb8c4a,be8e7ad035ae7ab594c50fd3ccdd1533d7341115f86685cb78264d0f58be7e07,Mumbai,2024-01-09,402
CUST-1146,Oeshi Hayer,45e69f335ad293f3f639b1dfb764481e9df41353ded65cc8ab03991c3d67c45f,ba2892d75ce7e0dd7d671bd57a9a234be726203c71481d8402b7b342413b32b6,Mumbai,2023-11-07,261
CUST-1147,Warda Ratta,b69b00f3c4c5a8c0f3ba3d3cf55746aa038e5b97b59016ab86ac9c326345301a,be5bb1b51bc9e8987a54801cd46d8c915306216facf12448e2f4997996c4ec94,Delhi,2023-10-23,97
CUST-1148,Manbir Ahluwalia,6031beb0149f1db7fe3148c320e8be51024e74d592fcbbfcd6e800abd0402a3f,4067781ed28eed39cd019bf0fc8263beb748fcba5174236e40b41f453de37b6b,Mumbai,2023-12-29,223
CUST-1149,Pavani Kanda,eb0a592a0168444a9e2834eb4671fbec5531ee8dc4b6d992c5c495732abed0a5,5033b2e38df0faabb7b0001e286c249e523f7839d0a32c11f4407b9648bcb174,Delhi,2024-02-17,275
CUST-1150,Zarna Shetty,36350cfd43829fea3a5fb29ea37edd357279f89d314b70275be14e6680bb1bc9,58b3657c25c63d27ab00779cdf6bc8be8c2056e7b85304e8e40f800a755c9f29,Bengaluru,2023-04-11,186
CUST-1151,Zaid Dara,be92182bfd28b5bb108817c99657fa0c163ee5046fa380a28b21953a0c45eb90,86fcc14333b184e581414ddb21ff5ab1f59308fe9a33c248768060402be6c457,Mumbai,2023-12-07,471
CUST-1152,Kiaan Shetty,28f32e431598b0f5a622cc768668d000925f170c59de6f76e77d42116f6603f1,3cc1ae1596708c55a5e2da30584aae2786b7e1de477af93ad5d8b919753b8df4,Mumbai,2023-06-10,339
CUST-1153,Saanvi Thaman,fce385072c107c8e2e11aac1e8eb25642694c6c685ae69e723261f27efd02179,f6146ea6d6d322b186ad06314778cc6c9399d33566c1507dd97a72773664ff77,Delhi,2023-09-17,158
CUST-1154,Sanaya Dutt,1040dfe8c16657123b45ba3b2b20b64f39cd39cb6f4a5a7802e76ff61092fc57,cfa9cd92c3ce4385b99de24dde48d9322fbaba57def5ad7023586bac7798393c,Bengaluru,2023-06-17,206
CUST-1155,Shivani Lad,2b2b5d639e39dc25238821d4454cc44e4d5aeae952c2671868c1faaa0e75f74e,854b8876c704d95ac664d7d1f61b3843c95ec7ec9a8b137ab10a385bad5d2837,Bengaluru,2023-10-11,65
CUST-1156,Aradhana Verma,c0a58ce722a2451361419ae8dfe5a520605b742eaa18be39d2e5f83779ed4637,b3b6d507fc1dc3a6d9012e114a9f9f0112f2358a82451422dda92d34551e3261,Delhi,2023-12-07,481
CUST-1157,William Maharaj,052375e806813e2fbbe89ef25c40cd0280245e08b7324005ca2748636dad2a41,df8d4e4abbe1060206eb7286123bb9fd0f2490a57a1995e4ef3c3557b1563743,Mumbai,2024-01-19,462
CUST-1158,Faras Mangal,868fa3600006b0d7abec30cb6805947d4a174f6a7e853f14b1916501ca358733,090eb60201ca4d1903d8ae7a73839cceca74f2e5c62be57eeedb2fafb60841de,Delhi,2023-10-19,154
CUST-1159,Anita Nayak,9d4c7a2202dda31232559343c5bf30fa8dca4123ae89d4edcf45cc9de5b87692,b985823c0e6effb5ea06108db302b977f33576de6e2e88c0ebe28ab8a3139489,Mumbai,2024-03-02,0
CUST-1160,Faris Devi,b443d962169f40ee58e407c0a7c33765d68af7967a3330cfadc9f1de6debc13c,c865b11e549a4a8feea34d517e9161aa17b991b005ed61f28399e3213c8cb8f6,Mumbai,2023-04-18,220
CUST-1161,Vihaan Rajagopal,671d9982b58a9fba0353e0bed99125679f35e33b98ea523e01d41d5954802b5d,0fd987e8633621e668a0a054cc9f442bc1269dbaf3b21437aab16cd99fd79fc4,Bengaluru,2023-12-02,164
CUST-1162,Tanish Bhatt,326863f25368a4e227c2885696d6d7b9f767ec56375041da96260dc14d17ebfc,8982b4ad57ca95da2cbed7b09f9593bb0e9fc2d136d795ab5363e45295f816a0,Mumbai,2023-08-15,345
CUST-1163,Nikita Narayanan,19be0c5b393f653dd0c0e9c29b385defa67928d9cb617a536ef8f966a9bcc4f3,45e89a727ec63c3922f089efc498cc66f72858474bea36773ea43726d9a2ff41,Delhi,2023-08-31,406
CUST-1164,Ojasvi Bhatia,f256c5527a9a2efff88416aaf83dc475ec80b8f573dcbd5ac6c25ff437b55caa,e3453e79379606fd90ace348ec104264fc8cfa8c3b6a34e62cd0d7b9713e152d,Bengaluru,2023-12-04,43
CUST-1165,Osha Ramachandran,9fa8bbdcbac0e50c435af2a2b0a75caf64c526b0fb5da2792f9142c8c0ceef3d,890e7f5bf2988d88d1edc056762b9c65268c36cefaac183e7a3946ddd796ab1e,Mumbai,2023-12-06,324
CUST-1166,Lajita Sood,5d9dcd17b01b73bfd0be9e72f2021608d443a46cbf4db671a768ea058794ee47,7ec07d0726be79bca71c9c6437700cbdc7515bbce79393f551b22812a9001c61,Bengaluru,2023-02-17,419
CUST-1167,Indira Misra,f8b2143a45341f2387a467f1d28aa67234b89b1d904fa605c83c88067baba183,47e40f613954ff12f04718614f4c9141174b86f6c25120ae660a550dd9dd9325,Delhi,2023-06-08,115
CUST-1168,Oni Yohannan,398df84c267de5f37e67fca468cf9896e9c20dc38bd763fb563923709a82fade,3330ac814f74ba07b35e2a3e8e63cb8268431468654bae0f2206c3bd6b7bec0c,Delhi,2023-01-13,23
CUST-1169,Vinaya Kanda,0530b3833e1bab67fb63ac6b3c46790cdb0fc69e540e169650347e06da84c40c,c09f3fcea8c9b752e8d503c605464a8996815edc68bdfbaf12ddfc1d842f41fa,Delhi,2023-11-09,435
CUST-1170,Rajata Sunder,3d95c48cba459c96b88e67ffa9ef45fc578b934f06608bc6799ed1ad7d7fc402,da9b8c60541db4d91b4ab52a874c099bdc221c9c68f3457e8728a585f3ea6fc5,Delhi,2023-08-01,453
CUST-1171,Lopa Nayar,a0dc662bd9ebf5bbdce657c3053acba9891766c62ac7877e7a4c596e4aee5c0b,4fa16d27010fc636ce1e607a9eb48a0a809a454721db237e36f12687a85478e9,Bengaluru,2023-04-10,367
CUST-1172,Noah Sibal,b0e1ba6e85e9c970e4ab417cd74dd2a0ba250c3fef983733733277b7ab33f4c1,1b7da02056278d766867255417e802aac74e6406d7fca935a409e35628d92fb3,Bengaluru,2023-09-11,204
CUST-1173,Avi Ramesh,b71002035a419c4b860582a4bf92f6719807cd11a993b9b940ce1143bca61953,011ba29350e5b99793cce41908a5a199629785def30f0bdbc2ad1a8fafac8552,Delhi,2023-12-02,352
CUST-1174,Fiyaz Sangha,a2dd36971453410b5f7f6bc7b4f14da1c18e776a4075c4cda984e94405a3efc8,6dcdbaee54ca46d5c7625e75dcae22195f263cece233e409e556213b690011c8,Delhi,2024-02-03,217
CUST-1175,Triya Gopal,ff3fbdfc83b21b24684df41ad51796171db14ab15cdf1ebf6c9046a0118fd04c,0dc0b536cc4c0a34331cae2d8b5e58a46838ad9a232630dcecddf8af0637edcf,Delhi,2024-02-16,490
CUST-1176,Abha Raghavan,611c55bad9ec1b26c5d37deb93da9500890b105e139e0c7cc1c4602f7ddf944d,738ffcb33858d2d8fee92d32b4844d6b810f1199d0b93f0fe6ad474b9ddd8a6c,Bengaluru,2023-08-26,25
CUST-1177,Siddharth Sha,0a4857f039f16a8c32e186fa4f0d19490b97f7319033abcad65d853bbae8940f,abe83886b2a6ed960594934ffdaa62d33051b9e608867a416660e55635491b19,Bengaluru,2024-03-10,62
CUST-1178,Geetika Raghavan,c176db865c861ed6abe883e9fd00c42ac204a8505afb0133a65b469b67deadd5,163978227e563dcee71e5c9b9b4e6703f9fc0aa6ca1eaf29892995f9aab4adda,Mumbai,2024-02-15,237
CUST-1179,Oviya Krishnan,7f114689b84aed48dee52cdd2659bf3382e61dbcd27dacff87f6c8227c86dcec,5ac25dc20a5dd58a89df04d01df161f089fe2aa637c3d00ed518c4d65989c126,Bengaluru,2023-10-14,304
CUST-1180,Upma Bahl,c622b0ae0978bc7ffd2afb8a4545463edaa71dfc4e460533db2a3433eec01143,423f37f55257333292a61dd707ebe9c36a02c9801d9a1bef24d56b2d474b6658,Mumbai,2023-11-10,417
CUST-1181,Inaya Kapur,4750f420bb9c1245125a2fbc122eec2fd078dcb3f0077f49337138a8d930aa96,e7898b9d2a4ec4fddea072cca50f05faeed3e819643dc466f297925904429fe2,Bengaluru,2023-08-07,425
CUST-1182,Banjeet Balasubramanian,46f61009d4e077805611cd1db0dcf67446a22ccf7562387a7b3bf1a848a95b0c,08f75f08c23e4c4350b1b23ad6dd442217485a62da20311fee4d3e6ded74e9f4,Bengaluru,2023-03-23,380
CUST-1183,Ryan Bahri,6c2222ded1d02251702898986502d86209def4ee100d8e979db77bf4a4265cd7,3d460019af61a820b95d23805ed39219cac5d21ff8833d19bd59b202a3631422,Mumbai,2023-05-13,384
CUST-1184,William Date,e0dc178e6e4ee0b1c81ddc22ccefb895a173bcd9646820833ef9412e930e40c8,14af3ccf5e557bb527d6109eb23728a94469359e6f3523102c96d5e68bda4f3f,Delhi,2023-05-22,392
CUST-1185,Ishwar Kamdar,a943385bb3f1c4c1079739754ff0e62f2f7a3c38616042b037b3f35bc6a95671,2be0207cbe28145dbe8fc5c812ac1764c666e527828c973f420d53fa0f567082,Bengaluru,2023-11-17,122
CUST-1186,Aahana Pillay,adc25d8382fdac74c6b643b372b7eb7971bc00b06cd909fa2996a5597525ab43,08aa9f8fc195d93a2011fdd1b9b05bf0b38035ed0f3e608dcccddc57f886a466,Mumbai,2023-02-09,365
CUST-1187,Ishwar Gade,38843d849434ff26eacc0920e10a5c97c3b00a596cfcb61af5c24d2d0d86d9e5,ae70b933be3dc72894188d8c888c1c217828005576048b743df2ab8dc8dc90d6,Mumbai,2023-05-20,171
CUST-1188,Hritik Bal,36e4eb6a8e63bfec44ea6748ef656969ad9b892987e6f1347ae8a0dda1c9438b,0efdab91c3a8f44b18d23d1f9cc0cf4b1005fa44e308d22ee3fccc4533842a8c,Mumbai,2023-02-11,70
CUST-1189,Keya Ranganathan,df05751ea2acd357a0d460e63220a0e68cc963c11e6bd893573480d9609a867e,faea1c7bd63c13f6950e56aee73009ff1f070542462f80ae10572fd80cff5db7,Delhi,2023-07-16,355
CUST-1190,Faqid Kibe,740da936a4d58589b307e494e8a74c64665ed0e43bcc714f5b6f0b1df527799e,6191ae13b84cade543496dc24b6e219c6976bae916a3befa747c85d822d01474,Delhi,2023-02-02,212
CUST-1191,Charvi Dara,29e6cad6dbf2d43a03f636a159269ff9755e45cb4426085b064f40ca0d0cac6d,598c19194ac51f34fda6c071f1ba2ecddbcfde7ee4e31f49087c66d5b608bfe1,Mumbai,2023-10-05,238
CUST-1192,Idika Walia,9afc1dc63490593bb1378bd550f8a2a59d57aad128a441d5dc532af46047f40d,dcc116396e2d119488237946e21e7f468cd7a011c2473cfff015390776037692,Mumbai,2023-04-16,426
CUST-1193,Kamala Biswas,fc897258bfd1b3033d21ffc03833c9a6fc57ab68734b1c52f9a7a29833f4752d,b08450d761f86ca3b76aae288315383656bedd944a20d43cabb1ca363e477b48,Mumbai,2024-01-30,299
CUST-1194,Advik Salvi,a8ca26ae02569078144de3cb75fabbd7a85b131360ee1b4243edcf592dc02960,93d235a7a445a174fba18e09fbca1c495be50ca210e364629bd823c57175fe7c,Bengaluru,2024-03-14,450
CUST-1195,Hitesh Sant,d2a5f08abc17355732a1142e1964ba78f96636ed755fded2b638738a7a524a1f,8d0fc832e708cbb85bf057938abae79f67e3253229ffe6a55632cb886a9f2397,Bengaluru,2023-09-02,3
CUST-1196,Tripti Dua,f734b5885bcc08fc8d765deb465ce1e469eb8a250c5dff591748e18f876fd3f9,adf8dabdc0beb526d7ff99e06b2b3b766737c1383750bf25fcf0d9af1fd14a61,Mumbai,2024-01-21,199
CUST-1197,Patrick Vig,f312eb9b18938cea91d9333add8e1f0025345baedf48da81267f079dbb151963,da84a077465ae71e1a2f494352f1fe3608eec329f3800910614c8540833ac455,Mumbai,2024-01-18,376
CUST-1198,Veda Shroff,bfeff4afe15ad87ec3d13af67934f535718b2fdcd97756e8c4f57d8dc1bb2874,a7a6ccd21134ffabaf87d629733c991a6d5b4a249607d85a73a6c87634071a0c,Bengaluru,2023-04-23,249
CUST-1199,Amrita Naidu,64bf47c88f863cdfab75ff7b4c637812e6b124abd86275f9cae21335ac19ddce,9a18ea2e5675c12a915dd352f0b558d958cab4db1b8004edffec3da27c633a77,Delhi,2023-08-12,248
CUST-1200,Gabriel Mallick,aa5e97ef6063d6b448343ac621f431821cac32b3d408f0bcc6ca1a0b652eed82,6938da8cde6c82ac8ee621a53fff608a103efd2c9f3246021c1a8358d09ee22f,Delhi,2023-06-22,342
