order_id,customer_id,order_date,city,payment_mode,status,order_total,total_discount
ORD-100001,CUST-1174,2024-05-22 23:10:00,Delhi,UPI,cancelled,554.5,105.5
ORD-100002,CUST-1160,2024-06-08 00:58:00,Mumbai,Card,delivered,1000.0,130.0
ORD-100003,CUST-1170,2024-04-04 02:41:00,Delhi,COD,delivered,485.0,75.0
ORD-100004,CUST-1047,2024-04-07 08:24:00,Bengaluru,COD,delivered,2767.5,105.5
ORD-100005,CUST-1084,2024-05-14 12:17:00,Delhi,COD,cancelled,509.5,80.5
ORD-100006,CUST-1065,2024-04-11 15:01:00,Delhi,UPI,delivered,742.0,73.0
ORD-100007,CUST-1090,2024-04-29 20:04:00,Mumbai,Card,cancelled,1566.6,233.4
ORD-100008,CUST-1011,2024-04-04 07:12:00,Mumbai,Card,cancelled,760.5,49.5
ORD-100009,CUST-1040,2024-05-01 04:30:00,Bengaluru,Card,delivered,2054.25,63.75
ORD-100010,CUST-1056,2024-05-30 22:16:00,Bengaluru,UPI,cancelled,761.25,153.75
ORD-100043,CUST-1153,2024-06-19 07:49:00,Delhi,COD,delivered,85.0,15.0
ORD-100044,CUST-1114,2024-05-09 18:27:00,Delhi,Card,delivered,255.0,45.0
ORD-100045,CUST-1016,2024-06-18 23:06:00,Mumbai,UPI,returned,306.0,27.0
ORD-100046,CUST-1161,2024-04-28 08:42:00,Bengaluru,UPI,delivered,815.15,123.85
ORD-100047,CUST-1045,2024-06-10 02:10:00,Bengaluru,COD,delivered,1070.0,180.0
ORD-100048,CUST-1177,2024-06-16 15:18:00,Bengaluru,COD,delivered,425.0,5.0
ORD-100049,CUST-1181,2024-05-07 22:55:00,Bengaluru,Card,delivered,144.0,36.0
ORD-100050,CUST-1060,2024-05-04 20:37:00,Delhi,UPI,delivered,2095.75,369.25
ORD-100051,CUST-1109,2024-04-15 17:14:00,Mumbai,COD,delivered,538.0,27.0
ORD-100052,CUST-1037,2024-04-10 01:10:00,Mumbai,Card,cancelled,855.15,47.85
ORD-100053,CUST-1192,2024-06-12 09:28:00,Mumbai,Card,delivered,709.0,141.0
ORD-100054,CUST-1078,2024-06-29 12:17:00,Delhi,COD,delivered,800.9,100.1
ORD-100055,CUST-1113,2024-04-11 19:02:00,Delhi,Card,returned,1313.6,197.4
ORD-100056,CUST-1083,2024-06-17 08:01:00,Bengaluru,Card,delivered,84.0,21.0
ORD-100057,CUST-1148,2024-06-15 00:48:00,Mumbai,COD,delivered,720.65,132.35
ORD-100058,CUST-1148,2024-04-06 05:30:00,Mumbai,COD,delivered,656.0,9.0
ORD-100059,CUST-1072,2024-04-24 18:27:00,Delhi,COD,delivered,336.45,65.55
ORD-100060,CUST-1024,2024-05-31 11:26:00,Bengaluru,Card,delivered,140.0,10.0
ORD-100061,CUST-1027,2024-04-21 10:26:00,Mumbai,COD,delivered,1862.75,112.25
ORD-100062,CUST-1170,2024-05-22 17:02:00,Delhi,COD,delivered,0.0,0.0
ORD-100063,CUST-1065,2024-05-12 03:49:00,Delhi,Card,delivered,459.2,59.8
ORD-100064,CUST-1001,2024-06-24 17:29:00,Bengaluru,UPI,delivered,400.0,0.0
ORD-100065,CUST-1133,2024-05-17 19:48:00,Mumbai,COD,delivered,84.15,14.85
ORD-100066,CUST-1195,2024-04-07 06:17:00,Bengaluru,COD,delivered,198.0,22.0
ORD-100067,CUST-1113,2024-06-29 15:07:00,Delhi,Card,delivered,252.75,32.25
ORD-100068,CUST-1156,2024-05-01 22:10:00,Delhi,UPI,delivered,826.0,54.0
ORD-100069,CUST-1142,2024-05-23 02:14:00,Bengaluru,UPI,returned,988.2,109.8
ORD-100070,CUST-1119,2024-04-16 20:53:00,Mumbai,Card,delivered,984.3,136.7
ORD-100071,CUST-1075,2024-06-05 22:17:00,Mumbai,COD,delivered,480.0,0.0
ORD-100072,CUST-1121,2024-05-02 14:35:00,Bengaluru,UPI,delivered,42.5,7.5
ORD-100073,CUST-1154,2024-06-05 23:56:00,Bengaluru,UPI,delivered,238.0,42.0
ORD-100074,CUST-1071,2024-05-24 10:59:00,Delhi,COD,cancelled,1419.5,100.5
ORD-100075,CUST-1001,2024-05-07 23:19:00,Bengaluru,Card,cancelled,162.0,18.0
ORD-100076,CUST-1169,2024-06-02 04:28:00,Delhi,COD,delivered,1074.15,62.85
ORD-100077,CUST-1086,2024-06-10 17:24:00,Delhi,COD,delivered,978.25,76.75
ORD-100078,CUST-1049,2024-06-29 07:36:00,Bengaluru,COD,delivered,880.0,0.0
ORD-100079,CUST-1012,2024-05-11 23:30:00,Mumbai,COD,delivered,0.0,0.0
ORD-100080,CUST-1099,2024-06-24 20:09:00,Delhi,UPI,delivered,2633.8,299.2
ORD-100081,CUST-1033,2024-06-04 18:21:00,Mumbai,COD,returned,0.0,0.0
ORD-100082,CUST-1026,2024-06-07 14:00:00,Bengaluru,COD,delivered,492.0,18.0
ORD-100083,CUST-1168,2024-04-20 02:30:00,Delhi,COD,cancelled,347.2,31.8
ORD-100084,CUST-1087,2024-06-19 22:25:00,Mumbai,COD,delivered,659.65,29.35
ORD-100085,CUST-1173,2024-06-08 12:20:00,Delhi,COD,delivered,1362.5,312.5
ORD-100086,CUST-1139,2024-04-05 19:04:00,Delhi,Card,delivered,1250.0,80.0
ORD-100087,CUST-1074,2024-04-30 23:05:00,Mumbai,UPI,delivered,627.0,33.0
ORD-100088,CUST-1195,2024-06-21 22:55:00,Bengaluru,UPI,delivered,345.0,35.0
ORD-100089,CUST-1178,2024-05-09 00:02:00,Mumbai,UPI,delivered,3050.15,380.85
ORD-100090,CUST-1076,2024-05-16 11:27:00,Bengaluru,Card,delivered,207.0,8.0
ORD-100091,CUST-1106,2024-06-12 21:50:00,Bengaluru,UPI,delivered,427.0,33.0
ORD-100092,CUST-1021,2024-06-18 12:39:00,Delhi,COD,delivered,1231.0,209.0
ORD-100093,CUST-1150,2024-04-19 07:29:00,Bengaluru,COD,delivered,713.0,27.0
ORD-100094,CUST-1066,2024-06-25 00:57:00,Bengaluru,COD,cancelled,1041.5,207.5
ORD-100095,CUST-1174,2024-06-09 05:04:00,Delhi,COD,delivered,127.5,22.5
ORD-100096,CUST-1151,2024-05-09 20:27:00,Mumbai,COD,delivered,168.0,42.0
ORD-100097,CUST-1078,2024-04-26 12:54:00,Delhi,UPI,delivered,51.0,9.0
ORD-100098,CUST-1098,2024-06-13 11:36:00,Bengaluru,Card,delivered,984.0,36.0
ORD-100099,CUST-1076,2024-04-03 21:25:00,Bengaluru,Card,delivered,502.0,58.0
ORD-100100,CUST-1176,2024-04-07 19:47:00,Bengaluru,COD,delivered,451.5,73.5
ORD-100101,CUST-1199,2024-04-30 19:51:00,Delhi,Card,delivered,68.0,12.0
ORD-100102,CUST-1049,2024-06-19 08:43:00,Bengaluru,Card,cancelled,850.0,10.0
ORD-100103,CUST-1175,2024-04-18 20:06:00,Delhi,Card,returned,383.0,22.0
ORD-100104,CUST-1011,2024-05-10 14:02:00,Mumbai,Card,delivered,516.15,23.85
ORD-100105,CUST-1034,2024-04-12 09:20:00,Mumbai,UPI,delivered,170.0,30.0
ORD-100106,CUST-1052,2024-04-17 17:56:00,Bengaluru,Card,returned,508.3,35.7
ORD-100107,CUST-1129,2024-05-05 05:16:00,Bengaluru,COD,returned,1510.6,235.4
ORD-100108,CUST-1076,2024-05-14 03:29:00,Bengaluru,UPI,returned,2221.5,243.5
ORD-100109,CUST-1194,2024-04-29 21:46:00,Bengaluru,COD,delivered,331.3,45.7
ORD-100110,CUST-1143,2024-05-17 02:50:00,Mumbai,COD,delivered,1412.15,64.85
ORD-100111,CUST-1138,2024-04-16 14:23:00,Delhi,Card,delivered,46.75,8.25
ORD-100112,CUST-1068,2024-06-14 12:52:00,Delhi,COD,delivered,76.5,13.5
ORD-100113,CUST-1028,2024-06-26 07:30:00,Bengaluru,Card,delivered,183.5,16.5
ORD-100114,CUST-1084,2024-06-18 07:41:00,Delhi,COD,delivered,105.6,26.4
ORD-100115,CUST-1180,2024-05-09 20:26:00,Mumbai,UPI,delivered,20.0,0.0
ORD-100116,CUST-1010,2024-05-09 15:07:00,Delhi,Card,delivered,620.9,127.1
ORD-100117,CUST-1035,2024-05-20 14:23:00,Bengaluru,Card,delivered,320.0,20.0
ORD-100118,CUST-1179,2024-06-09 13:37:00,Bengaluru,UPI,delivered,741.1,37.9
ORD-100119,CUST-1107,2024-06-23 03:53:00,Delhi,COD,delivered,613.5,136.5
ORD-100120,CUST-1072,2024-04-05 22:23:00,Delhi,COD,delivered,178.0,2.0
ORD-100121,CUST-1061,2024-05-17 03:43:00,Bengaluru,Card,delivered,425.0,0.0
ORD-100122,CUST-1092,2024-04-08 12:17:00,Bengaluru,UPI,delivered,310.3,47.7
ORD-100123,CUST-1117,2024-04-12 21:13:00,Mumbai,Card,delivered,822.0,8.0
ORD-100124,CUST-1006,2024-04-07 10:15:00,Delhi,Card,returned,736.0,39.0
ORD-100125,CUST-1053,2024-04-09 17:13:00,Mumbai,UPI,delivered,716.4,57.6
ORD-100126,CUST-1085,2024-04-19 19:00:00,Mumbai,UPI,delivered,1085.15,76.85
ORD-100127,CUST-1034,2024-06-09 08:51:00,Mumbai,Card,delivered,407.2,8.8
ORD-100128,CUST-1007,2024-04-17 00:22:00,Bengaluru,UPI,cancelled,51.0,9.0
ORD-100129,CUST-1151,2024-05-12 00:11:00,Mumbai,UPI,delivered,845.9,46.1
ORD-100130,CUST-1190,2024-05-24 16:07:00,Delhi,COD,delivered,546.0,34.0
ORD-100131,CUST-1115,2024-05-17 16:37:00,Mumbai,Card,delivered,57.0,3.0
ORD-100132,CUST-1057,2024-06-18 01:46:00,Bengaluru,Card,cancelled,60.0,0.0
ORD-100133,CUST-1134,2024-05-09 14:41:00,Delhi,UPI,returned,0.0,0.0
ORD-100134,CUST-1123,2024-05-22 13:43:00,Delhi,Card,delivered,839.45,127.55
ORD-100135,CUST-1114,2024-04-10 02:20:00,Delhi,UPI,delivered,521.55,27.45
ORD-100136,CUST-1033,2024-05-06 19:40:00,Mumbai,Card,delivered,90.0,10.0
ORD-100137,CUST-1084,2024-05-19 19:33:00,Delhi,Card,delivered,739.0,76.0
ORD-100138,CUST-1155,2024-05-26 03:50:00,Bengaluru,Card,delivered,156.75,8.25
ORD-100139,CUST-1167,2024-06-10 23:55:00,Delhi,COD,delivered,48.0,12.0
ORD-100140,CUST-1059,2024-05-23 10:52:00,Bengaluru,COD,delivered,1166.75,158.25
ORD-100141,CUST-1187,2024-04-13 10:27:00,Mumbai,COD,delivered,152.0,8.0
ORD-100142,CUST-1096,2024-04-20 21:59:00,Delhi,UPI,delivered,54.0,6.0
ORD-100143,CUST-1022,2024-04-12 13:06:00,Bengaluru,COD,delivered,783.0,152.0
ORD-100144,CUST-1034,2024-06-11 01:37:00,Mumbai,Card,returned,190.95,10.05
ORD-100145,CUST-1085,2024-06-25 03:26:00,Mumbai,Card,delivered,144.75,20.25
ORD-100146,CUST-1193,2024-05-25 23:03:00,Mumbai,Card,returned,54.0,6.0
ORD-100147,CUST-1080,2024-05-16 03:36:00,Delhi,UPI,delivered,412.0,48.0
ORD-100148,CUST-1169,2024-06-01 07:54:00,Delhi,Card,delivered,275.0,0.0
ORD-100149,CUST-1095,2024-04-15 08:36:00,Bengaluru,COD,delivered,400.0,0.0
ORD-100150,CUST-1144,2024-06-19 19:43:00,Mumbai,UPI,delivered,773.75,101.25
ORD-100151,CUST-1156,2024-06-24 22:17:00,Delhi,COD,delivered,399.0,11.0
ORD-100152,CUST-1180,2024-05-10 10:22:00,Mumbai,UPI,delivered,249.5,20.5
ORD-100153,CUST-1145,2024-06-24 12:04:00,Mumbai,Card,delivered,192.0,48.0
ORD-100154,CUST-1008,2024-04-12 23:33:00,Bengaluru,COD,delivered,266.0,14.0
ORD-100155,CUST-1117,2024-05-14 05:23:00,Mumbai,COD,delivered,435.75,69.25
ORD-100156,CUST-1199,2024-06-12 19:05:00,Delhi,UPI,returned,16.0,4.0
ORD-100158,CUST-1170,2024-05-25 15:38:00,Delhi,COD,delivered,610.0,55.0
ORD-100159,CUST-1056,2024-06-05 03:22:00,Bengaluru,COD,delivered,421.5,68.5
ORD-100160,CUST-1174,2024-06-26 18:31:00,Delhi,COD,delivered,759.25,45.75
ORD-100161,CUST-1012,2024-04-29 12:38:00,Mumbai,UPI,delivered,48.0,12.0
ORD-100162,CUST-1078,2024-04-28 04:48:00,Delhi,COD,delivered,1525.0,135.0
ORD-100163,CUST-1031,2024-04-01 15:47:00,Delhi,UPI,delivered,384.0,36.0
ORD-100164,CUST-1098,2024-06-08 22:14:00,Bengaluru,Card,delivered,259.5,45.5
ORD-100165,CUST-1091,2024-04-10 12:55:00,Delhi,COD,delivered,1765.1,193.9
ORD-100166,CUST-1005,2024-05-29 02:55:00,Delhi,COD,delivered,258.5,31.5
ORD-100167,CUST-1147,2024-05-22 22:40:00,Delhi,UPI,delivered,862.95,94.05
ORD-100168,CUST-1104,2024-04-03 10:10:00,Mumbai,Card,cancelled,358.0,22.0
ORD-100169,CUST-1118,2024-06-28 11:05:00,Delhi,UPI,delivered,171.0,29.0
ORD-100170,CUST-1063,2024-05-26 18:25:00,Mumbai,COD,delivered,720.0,63.0
ORD-100171,CUST-1080,2024-05-14 07:21:00,Delhi,UPI,cancelled,1151.25,53.75
ORD-100172,CUST-1131,2024-06-21 03:33:00,Delhi,COD,delivered,153.0,27.0
ORD-100173,CUST-1090,2024-06-22 04:15:00,Mumbai,COD,delivered,943.0,52.0
ORD-100174,CUST-1051,2024-04-23 19:09:00,Mumbai,Card,cancelled,340.0,60.0
ORD-100175,CUST-1020,2024-04-23 20:31:00,Mumbai,Card,delivered,351.0,24.0
ORD-100176,CUST-1195,2024-06-14 14:43:00,Bengaluru,Card,returned,170.0,0.0
ORD-100177,CUST-1165,2024-06-21 19:20:00,Mumbai,Card,returned,847.5,127.5
ORD-100178,CUST-1081,2024-04-20 14:04:00,Delhi,Card,delivered,0.0,0.0
ORD-100179,CUST-1078,2024-05-06 18:03:00,Delhi,UPI,delivered,734.85,84.15
ORD-100180,CUST-1080,2024-05-30 14:02:00,Delhi,COD,delivered,145.5,4.5
ORD-100181,CUST-1020,2024-06-22 02:39:00,Mumbai,COD,delivered,670.0,45.0
ORD-100182,CUST-1119,2024-06-14 17:50:00,Mumbai,UPI,delivered,516.15,50.85
ORD-100183,CUST-1116,2024-06-13 20:12:00,Mumbai,COD,delivered,508.3,89.7
ORD-100184,CUST-1129,2024-04-20 01:28:00,Bengaluru,COD,delivered,798.45,131.55
ORD-100185,CUST-1183,2024-04-11 16:41:00,Mumbai,UPI,delivered,1232.9,141.1
ORD-100186,CUST-1182,2024-05-27 14:33:00,Bengaluru,UPI,delivered,642.6,86.4
ORD-100187,CUST-1094,2024-05-18 09:24:00,Bengaluru,COD,delivered,272.0,68.0
ORD-100188,CUST-1174,2024-06-16 01:50:00,Delhi,COD,delivered,374.0,66.0
ORD-100189,CUST-1017,2024-05-13 03:35:00,Bengaluru,COD,delivered,2444.65,203.35
ORD-100190,CUST-1065,2024-06-24 19:55:00,Delhi,UPI,delivered,216.0,24.0
ORD-100191,CUST-1150,2024-06-24 04:58:00,Bengaluru,Card,delivered,155.0,30.0
ORD-100192,CUST-1179,2024-06-24 12:08:00,Bengaluru,UPI,delivered,480.0,120.0
ORD-100193,CUST-1080,2024-06-11 12:41:00,Delhi,UPI,cancelled,342.0,18.0
ORD-100194,CUST-1172,2024-06-29 23:43:00,Bengaluru,UPI,returned,1130.75,104.25
ORD-100195,CUST-1166,2024-06-25 13:32:00,Bengaluru,COD,delivered,718.0,112.0
ORD-100196,CUST-1080,2024-04-24 06:21:00,Delhi,COD,returned,576.0,84.0
ORD-100197,CUST-1050,2024-04-29 04:09:00,Bengaluru,UPI,delivered,721.5,33.5
ORD-100198,CUST-1130,2024-06-09 23:56:00,Delhi,Card,delivered,1201.5,168.5
ORD-100199,CUST-1087,2024-06-19 04:38:00,Mumbai,UPI,delivered,190.0,10.0
ORD-100200,CUST-1047,2024-06-28 19:51:00,Bengaluru,Card,returned,432.0,48.0
ORD-100201,CUST-1113,2024-04-06 13:23:00,Delhi,UPI,delivered,238.05,20.95
ORD-100202,CUST-1114,2024-06-18 09:48:00,Delhi,COD,delivered,1311.45,21.55
ORD-100203,CUST-1060,2024-06-08 07:19:00,Delhi,COD,returned,486.0,54.0
ORD-100204,CUST-1050,2024-05-18 21:36:00,Bengaluru,COD,returned,582.05,126.95
ORD-100205,CUST-1197,2024-05-07 12:32:00,Mumbai,UPI,delivered,600.3,73.7
ORD-100206,CUST-1052,2024-06-17 04:55:00,Bengaluru,Card,delivered,160.0,40.0
ORD-100207,CUST-1124,2024-05-18 17:59:00,Delhi,Card,delivered,119.0,21.0
ORD-100208,CUST-1032,2024-05-07 02:48:00,Mumbai,COD,delivered,0.0,0.0
ORD-100209,CUST-1132,2024-04-19 13:05:00,Bengaluru,UPI,returned,1191.3,165.7
ORD-100210,CUST-1116,2024-05-15 00:26:00,Mumbai,Card,delivered,114.0,6.0
ORD-100211,CUST-1096,2024-05-01 12:05:00,Delhi,UPI,delivered,632.0,8.0
ORD-100212,CUST-1082,2024-04-13 22:41:00,Bengaluru,UPI,delivered,340.0,0.0
ORD-100213,CUST-1036,2024-04-05 09:58:00,Bengaluru,Card,cancelled,422.8,79.2
ORD-100214,CUST-1036,2024-05-31 14:39:00,Bengaluru,UPI,delivered,86.0,14.0
ORD-100215,CUST-1005,2024-05-03 06:53:00,Delhi,Card,delivered,269.25,15.75
ORD-100216,CUST-1156,2024-06-07 13:07:00,Delhi,UPI,cancelled,806.25,108.75
ORD-100217,CUST-1078,2024-04-16 01:15:00,Delhi,Card,delivered,0.0,0.0
ORD-100218,CUST-1118,2024-04-09 03:53:00,Delhi,Card,returned,93.0,12.0
ORD-100219,CUST-1138,2024-04-03 20:32:00,Delhi,Card,delivered,112.0,28.0
ORD-100220,CUST-1037,2024-05-08 13:00:00,Mumbai,UPI,delivered,122.0,8.0
ORD-100221,CUST-1147,2024-05-24 05:42:00,Delhi,Card,delivered,1354.5,65.5
ORD-100222,CUST-1093,2024-04-09 16:34:00,Delhi,Card,delivered,229.15,24.85
ORD-100223,CUST-1142,2024-04-03 12:55:00,Bengaluru,Card,delivered,866.0,154.0
ORD-100224,CUST-1100,2024-05-18 08:47:00,Bengaluru,UPI,delivered,0.0,0.0
ORD-100225,CUST-1089,2024-05-01 23:42:00,Bengaluru,Card,delivered,1317.5,232.5
ORD-100226,CUST-1189,2024-05-13 04:02:00,Delhi,COD,delivered,190.0,10.0
ORD-100227,CUST-1165,2024-04-23 21:29:00,Mumbai,COD,returned,462.4,49.6
ORD-100228,CUST-1162,2024-04-24 04:04:00,Mumbai,COD,delivered,204.0,36.0
ORD-100229,CUST-1010,2024-05-08 06:02:00,Delhi,UPI,cancelled,694.0,166.0
ORD-100230,CUST-1081,2024-05-10 16:25:00,Delhi,Card,returned,775.0,85.0
ORD-100231,CUST-1122,2024-05-03 01:48:00,Mumbai,COD,delivered,50.0,0.0
ORD-100232,CUST-1092,2024-04-07 20:21:00,Bengaluru,COD,delivered,1357.6,239.4
ORD-100233,CUST-1112,2024-05-22 23:28:00,Bengaluru,COD,returned,1658.0,257.0
ORD-100234,CUST-1087,2024-04-24 15:44:00,Mumbai,Card,delivered,400.0,0.0
ORD-100235,CUST-1069,2024-04-11 23:27:00,Delhi,Card,delivered,762.45,134.55
ORD-100236,CUST-1047,2024-06-09 09:20:00,Bengaluru,COD,delivered,507.75,47.25
ORD-100237,CUST-1170,2024-05-08 09:28:00,Delhi,COD,delivered,695.5,34.5
ORD-100238,CUST-1043,2024-06-28 14:22:00,Delhi,Card,delivered,1863.6,233.4
ORD-100239,CUST-1091,2024-06-18 13:17:00,Delhi,UPI,delivered,399.0,0.0
ORD-100240,CUST-1020,2024-06-25 20:25:00,Mumbai,Card,delivered,360.0,40.0
ORD-100241,CUST-1174,2024-04-21 00:09:00,Delhi,Card,cancelled,378.0,42.0
ORD-100242,CUST-1001,2024-05-27 01:08:00,Bengaluru,Card,delivered,759.0,9.0
ORD-100243,CUST-1094,2024-05-17 12:36:00,Bengaluru,UPI,delivered,356.4,72.6
ORD-100244,CUST-1174,2024-05-28 11:23:00,Delhi,UPI,delivered,1646.0,259.0
ORD-100245,CUST-1147,2024-04-18 16:23:00,Delhi,Card,delivered,562.8,100.2
ORD-100246,CUST-1072,2024-05-02 03:01:00,Delhi,COD,delivered,1911.75,118.25
ORD-100247,CUST-1133,2024-05-20 17:07:00,Mumbai,COD,delivered,16.0,4.0
ORD-100248,CUST-1181,2024-05-28 06:39:00,Bengaluru,COD,delivered,599.0,21.0
ORD-100249,CUST-1052,2024-04-16 04:54:00,Bengaluru,UPI,delivered,90.0,10.0
ORD-100250,CUST-1183,2024-05-27 02:51:00,Mumbai,COD,delivered,615.0,145.0
ORD-100251,CUST-1171,2024-05-15 22:04:00,Bengaluru,COD,delivered,467.5,92.5
ORD-100252,CUST-1077,2024-04-21 22:45:00,Bengaluru,Card,returned,1302.0,48.0
ORD-100253,CUST-1045,2024-05-17 16:14:00,Bengaluru,UPI,delivered,681.0,57.0
ORD-100254,CUST-1003,2024-04-18 07:50:00,Bengaluru,COD,delivered,382.0,48.0
ORD-100255,CUST-1142,2024-06-13 11:29:00,Bengaluru,Card,cancelled,317.5,37.5
ORD-100256,CUST-1034,2024-06-18 02:04:00,Mumbai,Card,delivered,46.75,8.25
ORD-100257,CUST-1185,2024-06-01 16:26:00,Bengaluru,Card,cancelled,382.5,42.5
ORD-100258,CUST-1019,2024-04-17 10:41:00,Delhi,COD,delivered,336.75,38.25
ORD-100259,CUST-1175,2024-06-06 11:08:00,Delhi,Card,returned,120.0,30.0
ORD-100260,CUST-1164,2024-06-15 05:49:00,Bengaluru,COD,returned,556.8,79.2
ORD-100261,CUST-1129,2024-04-08 03:33:00,Bengaluru,UPI,delivered,361.0,19.0
ORD-100263,CUST-1073,2024-04-11 08:12:00,Delhi,Card,delivered,697.5,112.5
ORD-100264,CUST-1071,2024-04-17 20:19:00,Delhi,UPI,delivered,226.0,49.0
ORD-100265,CUST-1129,2024-06-22 05:37:00,Bengaluru,UPI,returned,1898.0,38.0
ORD-100266,CUST-1044,2024-06-24 19:46:00,Bengaluru,COD,returned,474.0,26.0
ORD-100267,CUST-1145,2024-04-06 00:05:00,Mumbai,Card,delivered,160.0,0.0
ORD-100268,CUST-1198,2024-06-13 08:41:00,Bengaluru,Card,delivered,817.25,27.75
ORD-100269,CUST-1107,2024-06-19 20:01:00,Delhi,Card,delivered,217.0,28.0
ORD-100270,CUST-1140,2024-05-08 20:19:00,Delhi,Card,delivered,553.25,26.75
ORD-100271,CUST-1104,2024-05-09 14:04:00,Mumbai,UPI,delivered,279.0,36.0
ORD-100272,CUST-1113,2024-05-24 15:29:00,Delhi,Card,delivered,252.0,28.0
ORD-100273,CUST-1037,2024-05-11 22:20:00,Mumbai,COD,delivered,929.9,153.1
ORD-100274,CUST-1103,2024-04-17 11:32:00,Mumbai,COD,delivered,1047.8,248.2
ORD-100275,CUST-1062,2024-05-30 03:17:00,Mumbai,UPI,delivered,470.25,24.75
ORD-100276,CUST-1025,2024-04-07 09:24:00,Bengaluru,COD,returned,176.0,44.0
ORD-100277,CUST-1064,2024-04-21 10:59:00,Delhi,COD,delivered,301.0,39.0
ORD-100278,CUST-1049,2024-04-21 15:32:00,Bengaluru,COD,delivered,728.0,42.0
ORD-100279,CUST-1128,2024-04-03 02:25:00,Delhi,UPI,delivered,687.0,108.0
ORD-100280,CUST-1056,2024-06-14 11:03:00,Bengaluru,COD,delivered,971.0,69.0
ORD-100281,CUST-1153,2024-06-23 21:30:00,Delhi,UPI,delivered,776.0,27.0
ORD-100282,CUST-1028,2024-05-26 04:56:00,Bengaluru,COD,delivered,247.5,27.5
ORD-100283,CUST-1196,2024-05-22 11:02:00,Mumbai,Card,delivered,871.5,118.5
ORD-100284,CUST-1144,2024-04-25 11:35:00,Mumbai,COD,delivered,467.55,93.45
ORD-100285,CUST-1130,2024-05-28 17:17:00,Delhi,Card,cancelled,628.8,55.2
ORD-100286,CUST-1175,2024-06-18 03:08:00,Delhi,COD,returned,1429.0,131.0
ORD-100287,CUST-1096,2024-05-14 17:23:00,Delhi,UPI,cancelled,572.1,69.9
ORD-100288,CUST-1155,2024-06-05 12:32:00,Bengaluru,UPI,delivered,240.0,0.0
ORD-100289,CUST-1036,2024-05-13 15:33:00,Bengaluru,Card,delivered,154.5,25.5
ORD-100290,CUST-1132,2024-04-18 10:59:00,Bengaluru,UPI,delivered,456.0,24.0
ORD-100291,CUST-1101,2024-06-18 23:53:00,Mumbai,COD,delivered,910.0,40.0
ORD-100292,CUST-1130,2024-06-05 17:31:00,Delhi,COD,delivered,1808.0,172.0
ORD-100293,CUST-1122,2024-04-03 11:21:00,Mumbai,COD,delivered,0.0,0.0
ORD-100294,CUST-1150,2024-05-10 23:55:00,Bengaluru,UPI,delivered,289.0,51.0
ORD-100295,CUST-1153,2024-05-31 08:41:00,Delhi,Card,cancelled,549.6,102.4
ORD-100296,CUST-1148,2024-04-30 23:03:00,Mumbai,UPI,delivered,178.2,19.8
ORD-100297,CUST-1135,2024-06-20 23:39:00,Bengaluru,COD,cancelled,710.75,74.25
ORD-100298,CUST-1038,2024-06-27 07:02:00,Mumbai,Card,delivered,538.5,76.5
ORD-100299,CUST-1029,2024-04-25 00:28:00,Delhi,UPI,delivered,1133.0,44.0
ORD-100300,CUST-1106,2024-06-28 06:26:00,Bengaluru,Card,delivered,1611.2,300.8
ORD-100301,CUST-1121,2024-04-08 22:08:00,Bengaluru,Card,delivered,845.3,77.7
ORD-100302,CUST-1084,2024-06-24 15:33:00,Delhi,UPI,delivered,380.25,24.75
ORD-100303,CUST-1118,2024-06-08 10:34:00,Delhi,Card,delivered,1311.0,99.0
ORD-100304,CUST-1175,2024-06-22 22:16:00,Delhi,UPI,delivered,52.8,13.2
ORD-100305,CUST-1064,2024-05-06 17:19:00,Delhi,COD,delivered,1145.5,84.5
ORD-100306,CUST-1198,2024-05-07 22:13:00,Bengaluru,COD,delivered,93.5,16.5
ORD-100307,CUST-1082,2024-06-01 11:35:00,Bengaluru,Card,returned,216.75,38.25
ORD-100308,CUST-1071,2024-05-07 03:36:00,Delhi,COD,delivered,618.0,102.0
ORD-100309,CUST-1102,2024-05-15 04:18:00,Bengaluru,Card,delivered,324.0,51.0
ORD-100310,CUST-1021,2024-05-15 14:41:00,Delhi,COD,delivered,46.75,8.25
ORD-100311,CUST-1055,2024-04-26 17:17:00,Delhi,Card,returned,153.0,27.0
ORD-100312,CUST-1070,2024-04-18 03:39:00,Bengaluru,UPI,delivered,829.95,157.05
ORD-100313,CUST-1063,2024-04-07 21:57:00,Mumbai,Card,delivered,35.0,0.0
ORD-100314,CUST-1060,2024-04-07 03:26:00,Delhi,COD,delivered,247.0,13.0
ORD-100315,CUST-1026,2024-06-27 04:00:00,Bengaluru,UPI,returned,824.0,106.0
ORD-100316,CUST-1105,2024-06-23 15:30:00,Delhi,COD,delivered,427.0,33.0
ORD-100317,CUST-1083,2024-05-07 20:03:00,Bengaluru,UPI,returned,157.5,17.5
ORD-100318,CUST-1167,2024-06-13 07:34:00,Delhi,UPI,delivered,911.0,129.0
ORD-100319,CUST-1045,2024-05-24 05:59:00,Bengaluru,COD,returned,204.0,36.0
ORD-100320,CUST-1002,2024-06-03 05:59:00,Mumbai,COD,delivered,748.95,85.05
ORD-100321,CUST-1010,2024-04-02 09:36:00,Delhi,COD,delivered,144.0,36.0
ORD-100322,CUST-1073,2024-05-29 20:34:00,Delhi,UPI,delivered,410.0,60.0
ORD-100323,CUST-1130,2024-05-30 08:12:00,Delhi,COD,cancelled,340.0,60.0
ORD-100325,CUST-1189,2024-05-14 09:36:00,Delhi,UPI,delivered,119.5,10.5
ORD-100326,CUST-1045,2024-06-18 20:57:00,Bengaluru,COD,delivered,472.6,45.4
ORD-100327,CUST-1132,2024-05-12 02:25:00,Bengaluru,UPI,delivered,0.0,0.0
ORD-100328,CUST-1036,2024-06-01 10:59:00,Bengaluru,COD,delivered,322.0,58.0
ORD-100329,CUST-1099,2024-05-01 14:48:00,Delhi,COD,delivered,548.25,126.75
ORD-100330,CUST-1078,2024-06-14 23:36:00,Delhi,Card,delivered,0.0,0.0
ORD-100331,CUST-1093,2024-06-28 07:03:00,Delhi,COD,delivered,0.0,0.0
ORD-100332,CUST-1079,2024-04-21 12:43:00,Bengaluru,Card,delivered,90.0,0.0
ORD-100333,CUST-1198,2024-05-10 22:07:00,Bengaluru,COD,delivered,592.0,98.0
ORD-100334,CUST-1095,2024-06-18 07:14:00,Bengaluru,COD,returned,413.05,25.95
ORD-100335,CUST-1040,2024-05-29 23:38:00,Bengaluru,Card,delivered,870.95,96.05
ORD-100336,CUST-1141,2024-05-31 17:51:00,Bengaluru,UPI,delivered,595.0,105.0
ORD-100337,CUST-1196,2024-05-02 21:48:00,Mumbai,UPI,delivered,1583.3,29.7
ORD-100338,CUST-1135,2024-05-28 16:45:00,Bengaluru,Card,delivered,142.5,7.5
ORD-100339,CUST-1029,2024-04-08 17:57:00,Delhi,Card,delivered,48.0,12.0
ORD-100340,CUST-1138,2024-04-20 05:20:00,Delhi,COD,returned,1265.6,231.4
ORD-100341,CUST-1030,2024-06-27 06:45:00,Mumbai,UPI,delivered,580.0,60.0
ORD-100342,CUST-1131,2024-05-28 01:29:00,Delhi,COD,delivered,158.4,39.6
ORD-100343,CUST-1117,2024-06-12 01:35:00,Mumbai,COD,delivered,1117.25,182.75
ORD-100344,CUST-1186,2024-04-03 12:16:00,Mumbai,Card,cancelled,545.0,30.0
ORD-100345,CUST-1056,2024-06-14 02:02:00,Bengaluru,Card,delivered,479.75,65.25
ORD-100346,CUST-1017,2024-06-09 01:59:00,Bengaluru,COD,returned,264.0,0.0
ORD-100347,CUST-1009,2024-05-07 13:11:00,Mumbai,Card,cancelled,1670.25,174.75
ORD-100348,CUST-1187,2024-06-22 13:23:00,Mumbai,COD,returned,315.3,41.7
ORD-100349,CUST-1115,2024-05-19 12:05:00,Mumbai,Card,delivered,921.0,134.0
ORD-100350,CUST-1139,2024-04-18 20:55:00,Delhi,UPI,delivered,963.55,112.45
ORD-100351,CUST-1138,2024-05-21 16:08:00,Delhi,UPI,delivered,264.0,56.0
ORD-100352,CUST-1001,2024-04-03 09:29:00,Bengaluru,Card,delivered,182.0,38.0
ORD-100353,CUST-1109,2024-06-08 12:52:00,Mumbai,COD,delivered,76.0,4.0
ORD-100354,CUST-1089,2024-04-20 08:12:00,Bengaluru,Card,returned,1186.1,75.9
ORD-100355,CUST-1196,2024-04-15 01:51:00,Mumbai,Card,delivered,209.0,11.0
ORD-100356,CUST-1197,2024-04-03 07:13:00,Mumbai,Card,delivered,284.0,36.0
ORD-100357,CUST-1009,2024-05-28 19:43:00,Mumbai,UPI,delivered,685.2,26.8
ORD-100358,CUST-1063,2024-04-06 12:28:00,Mumbai,UPI,delivered,526.5,103.5
ORD-100359,CUST-1194,2024-04-08 04:32:00,Bengaluru,UPI,returned,799.0,141.0
ORD-100360,CUST-1188,2024-06-13 10:36:00,Mumbai,Card,delivered,1923.5,276.5
ORD-100361,CUST-1083,2024-05-01 09:56:00,Bengaluru,Card,delivered,76.5,13.5
ORD-100362,CUST-1134,2024-04-29 13:19:00,Delhi,Card,delivered,225.0,0.0
ORD-100363,CUST-1152,2024-04-23 20:43:00,Mumbai,COD,delivered,1447.75,57.25
ORD-100364,CUST-1013,2024-05-15 20:42:00,Delhi,Card,delivered,700.0,75.0
ORD-100365,CUST-1082,2024-06-29 13:26:00,Bengaluru,COD,delivered,291.0,59.0
ORD-100366,CUST-1048,2024-06-08 15:15:00,Delhi,COD,cancelled,0.0,0.0
ORD-100367,CUST-1182,2024-04-19 14:58:00,Bengaluru,COD,delivered,951.2,87.8
ORD-100368,CUST-1107,2024-06-11 16:08:00,Delhi,COD,delivered,792.0,88.0
ORD-100369,CUST-1053,2024-05-13 20:05:00,Mumbai,COD,returned,940.0,45.0
ORD-100370,CUST-1024,2024-06-08 23:53:00,Bengaluru,COD,delivered,432.0,48.0
ORD-100371,CUST-1097,2024-06-26 19:38:00,Delhi,UPI,delivered,203.4,39.6
ORD-100372,CUST-1049,2024-06-15 23:42:00,Bengaluru,COD,delivered,1237.0,60.0
ORD-100373,CUST-1054,2024-05-13 09:58:00,Mumbai,UPI,delivered,166.25,8.75
ORD-100374,CUST-1190,2024-04-16 23:48:00,Delhi,UPI,delivered,1137.0,60.0
ORD-100375,CUST-1179,2024-06-17 22:13:00,Bengaluru,UPI,delivered,420.75,74.25
ORD-100376,CUST-1142,2024-05-12 09:24:00,Bengaluru,Card,delivered,425.25,59.75
ORD-100377,CUST-1092,2024-05-10 08:23:00,Bengaluru,COD,delivered,481.0,64.0
ORD-100378,CUST-1120,2024-04-13 23:30:00,Delhi,COD,cancelled,342.0,18.0
ORD-100379,CUST-1053,2024-05-18 10:26:00,Mumbai,UPI,delivered,631.05,101.95
ORD-100380,CUST-1190,2024-04-19 00:16:00,Delhi,Card,delivered,0.0,0.0
ORD-100381,CUST-1149,2024-05-24 09:09:00,Delhi,UPI,delivered,180.0,45.0
ORD-100382,CUST-1098,2024-06-12 07:31:00,Bengaluru,Card,delivered,320.0,0.0
ORD-100383,CUST-1087,2024-05-03 15:46:00,Mumbai,COD,delivered,0.0,0.0
ORD-100384,CUST-1118,2024-04-22 23:50:00,Delhi,UPI,delivered,1331.0,109.0
ORD-100385,CUST-1185,2024-06-09 15:11:00,Bengaluru,Card,returned,508.75,44.25
ORD-100386,CUST-1165,2024-04-08 16:02:00,Mumbai,UPI,cancelled,34.0,6.0
ORD-100387,CUST-1172,2024-04-07 00:26:00,Bengaluru,Card,delivered,114.0,6.0
ORD-100388,CUST-1060,2024-04-09 22:09:00,Delhi,Card,delivered,1317.5,157.5
ORD-100389,CUST-1117,2024-05-18 01:39:00,Mumbai,Card,delivered,441.3,42.7
ORD-100390,CUST-1124,2024-06-24 15:01:00,Delhi,Card,delivered,219.0,6.0
ORD-100391,CUST-1106,2024-04-02 00:33:00,Bengaluru,Card,delivered,0.0,0.0
ORD-100392,CUST-1074,2024-04-03 16:52:00,Mumbai,COD,delivered,390.6,53.4
ORD-100393,CUST-1046,2024-04-14 03:33:00,Mumbai,UPI,delivered,434.0,36.0
ORD-100394,CUST-1159,2024-06-07 08:52:00,Mumbai,COD,delivered,477.0,63.0
ORD-100395,CUST-1021,2024-05-18 12:29:00,Delhi,Card,delivered,460.0,60.0
ORD-100396,CUST-1058,2024-05-09 21:52:00,Mumbai,Card,cancelled,80.0,20.0
ORD-100397,CUST-1167,2024-04-05 02:25:00,Delhi,Card,delivered,479.35,91.65
ORD-100398,CUST-1122,2024-04-08 20:00:00,Mumbai,UPI,delivered,630.0,70.0
ORD-100399,CUST-1128,2024-05-26 20:50:00,Delhi,UPI,delivered,170.0,30.0
ORD-100400,CUST-1136,2024-04-06 07:13:00,Delhi,Card,returned,744.5,6.5
ORD-100401,CUST-1146,2024-05-31 08:02:00,Mumbai,Card,returned,179.75,5.25
ORD-100402,CUST-1072,2024-06-09 18:42:00,Delhi,COD,delivered,51.0,9.0
ORD-100403,CUST-1005,2024-04-27 18:09:00,Delhi,Card,cancelled,382.0,15.0
ORD-100404,CUST-1102,2024-04-10 09:10:00,Bengaluru,Card,delivered,520.0,85.0
ORD-100405,CUST-1100,2024-06-26 17:21:00,Bengaluru,Card,delivered,85.0,0.0
ORD-100406,CUST-1036,2024-06-28 23:05:00,Bengaluru,COD,delivered,595.1,73.9
ORD-100407,CUST-1014,2024-04-13 13:14:00,Bengaluru,COD,cancelled,272.0,48.0
ORD-100408,CUST-1155,2024-06-18 19:25:00,Bengaluru,COD,returned,68.0,12.0
ORD-100409,CUST-1008,2024-06-21 08:50:00,Bengaluru,COD,returned,153.0,27.0
ORD-100410,CUST-1059,2024-05-16 17:24:00,Bengaluru,Card,delivered,1453.0,118.0
ORD-100411,CUST-1150,2024-06-24 12:05:00,Bengaluru,COD,cancelled,200.0,0.0
ORD-100412,CUST-1005,2024-05-02 22:04:00,Delhi,UPI,delivered,856.5,53.5
ORD-100413,CUST-1098,2024-06-21 04:47:00,Bengaluru,COD,delivered,801.5,108.5
ORD-100414,CUST-1028,2024-04-12 00:19:00,Bengaluru,COD,delivered,1248.0,192.0
ORD-100415,CUST-1027,2024-04-17 02:11:00,Mumbai,Card,delivered,488.5,116.5
ORD-100416,CUST-1143,2024-06-05 13:06:00,Mumbai,COD,delivered,252.0,28.0
ORD-100417,CUST-1142,2024-04-12 19:38:00,Bengaluru,COD,cancelled,395.2,20.8
ORD-100418,CUST-1004,2024-05-08 13:24:00,Bengaluru,Card,cancelled,1239.0,131.0
ORD-100419,CUST-1144,2024-05-02 18:33:00,Mumbai,COD,delivered,57.0,3.0
ORD-100420,CUST-1044,2024-04-18 08:19:00,Bengaluru,UPI,delivered,152.0,8.0
ORD-100421,CUST-1017,2024-04-22 13:17:00,Bengaluru,COD,delivered,422.5,32.5
ORD-100422,CUST-1001,2024-04-10 11:16:00,Bengaluru,Card,returned,360.0,0.0
ORD-100423,CUST-1161,2024-06-03 19:39:00,Bengaluru,UPI,delivered,408.25,26.75
ORD-100424,CUST-1035,2024-05-09 00:25:00,Bengaluru,Card,delivered,627.0,33.0
ORD-100425,CUST-1098,2024-05-13 14:21:00,Bengaluru,Card,delivered,256.75,8.25
ORD-100426,CUST-1153,2024-04-18 09:20:00,Delhi,Card,delivered,490.5,39.5
ORD-100427,CUST-1052,2024-06-01 10:11:00,Bengaluru,COD,returned,414.0,46.0
ORD-100428,CUST-1075,2024-06-28 20:31:00,Mumbai,UPI,returned,503.0,122.0
ORD-100429,CUST-1084,2024-05-19 08:52:00,Delhi,COD,cancelled,822.8,189.2
ORD-100430,CUST-1030,2024-06-12 06:37:00,Mumbai,UPI,returned,220.0,0.0
ORD-100431,CUST-1175,2024-06-10 00:46:00,Delhi,Card,delivered,1355.75,239.25
ORD-100432,CUST-1054,2024-05-27 09:53:00,Mumbai,COD,delivered,1378.7,235.3
ORD-100433,CUST-1173,2024-06-03 04:40:00,Delhi,COD,delivered,330.0,30.0
ORD-100434,CUST-1169,2024-04-20 22:27:00,Delhi,UPI,cancelled,1076.5,118.5
ORD-100435,CUST-1115,2024-06-16 15:37:00,Mumbai,Card,delivered,340.0,60.0
ORD-100436,CUST-1178,2024-05-24 17:02:00,Mumbai,COD,cancelled,564.6,116.4
ORD-100437,CUST-1180,2024-06-08 19:40:00,Mumbai,UPI,returned,467.5,82.5
ORD-100438,CUST-1197,2024-05-02 21:42:00,Mumbai,Card,delivered,618.5,86.5
ORD-100439,CUST-1157,2024-04-06 18:41:00,Mumbai,COD,delivered,649.5,35.5
ORD-100440,CUST-1193,2024-05-13 13:06:00,Mumbai,COD,delivered,225.0,25.0
ORD-100441,CUST-1057,2024-06-05 23:33:00,Bengaluru,Card,delivered,388.5,76.5
ORD-100442,CUST-1148,2024-04-29 14:23:00,Mumbai,Card,delivered,96.0,24.0
ORD-100443,CUST-1151,2024-06-28 16:09:00,Mumbai,UPI,delivered,1019.25,165.75
ORD-100444,CUST-1124,2024-04-14 09:26:00,Delhi,UPI,returned,376.2,19.8
ORD-100445,CUST-1030,2024-04-19 11:19:00,Mumbai,UPI,delivered,1171.0,69.0
ORD-100446,CUST-1134,2024-06-01 11:30:00,Delhi,Card,delivered,1331.2,164.8
ORD-100447,CUST-1179,2024-05-28 10:04:00,Bengaluru,Card,delivered,300.0,0.0
ORD-100448,CUST-1030,2024-04-03 10:41:00,Mumbai,UPI,delivered,524.0,131.0
ORD-100449,CUST-1190,2024-05-02 16:11:00,Delhi,COD,delivered,898.25,126.75
ORD-100450,CUST-1144,2024-05-25 14:14:00,Mumbai,Card,cancelled,225.0,0.0
ORD-100451,CUST-1048,2024-04-24 20:42:00,Delhi,UPI,delivered,315.7,58.3
ORD-100452,CUST-1189,2024-06-18 06:28:00,Delhi,COD,delivered,538.2,59.8
ORD-100453,CUST-1002,2024-04-28 06:17:00,Mumbai,UPI,cancelled,199.0,16.0
ORD-100454,CUST-1148,2024-04-14 17:11:00,Mumbai,UPI,delivered,162.0,18.0
ORD-100455,CUST-1118,2024-04-15 08:42:00,Delhi,Card,returned,988.5,111.5
ORD-100456,CUST-1164,2024-05-11 19:24:00,Bengaluru,Card,delivered,1046.5,103.5
ORD-100457,CUST-1030,2024-05-15 11:54:00,Mumbai,UPI,delivered,140.0,20.0
ORD-100458,CUST-1173,2024-05-09 19:37:00,Delhi,UPI,delivered,711.0,99.0
ORD-100459,CUST-1081,2024-04-16 07:19:00,Delhi,COD,delivered,980.4,95.6
ORD-100460,CUST-1178,2024-04-19 16:24:00,Mumbai,UPI,delivered,404.0,36.0
ORD-100461,CUST-1148,2024-05-20 13:11:00,Mumbai,Card,delivered,76.0,4.0
ORD-100462,CUST-1178,2024-06-22 05:35:00,Mumbai,COD,delivered,1099.25,114.75
ORD-100463,CUST-1036,2024-04-24 10:53:00,Bengaluru,UPI,delivered,1100.0,0.0
ORD-100464,CUST-1092,2024-04-02 15:08:00,Bengaluru,COD,delivered,883.9,89.1
ORD-100465,CUST-1144,2024-06-04 20:31:00,Mumbai,COD,delivered,845.0,60.0
ORD-100466,CUST-1107,2024-05-27 15:10:00,Delhi,UPI,delivered,80.0,0.0
ORD-100467,CUST-1004,2024-04-29 09:02:00,Bengaluru,Card,delivered,259.0,46.0
ORD-100468,CUST-1074,2024-04-22 14:36:00,Mumbai,COD,delivered,317.85,15.15
ORD-100469,CUST-1141,2024-06-05 03:36:00,Bengaluru,Card,delivered,345.0,53.0
ORD-100470,CUST-1094,2024-06-09 01:48:00,Bengaluru,Card,delivered,505.0,0.0
ORD-100471,CUST-1056,2024-05-25 03:47:00,Bengaluru,UPI,cancelled,155.0,5.0
ORD-100472,CUST-1077,2024-04-05 14:16:00,Bengaluru,UPI,delivered,112.0,28.0
ORD-100473,CUST-1113,2024-04-16 07:13:00,Delhi,Card,cancelled,602.55,94.45
ORD-100474,CUST-1177,2024-05-15 22:39:00,Bengaluru,UPI,delivered,199.05,4.95
ORD-100475,CUST-1158,2024-04-18 06:52:00,Delhi,UPI,delivered,1382.2,73.8
ORD-100476,CUST-1146,2024-05-15 17:17:00,Mumbai,UPI,delivered,323.0,17.0
ORD-100477,CUST-1083,2024-05-08 09:36:00,Bengaluru,Card,delivered,560.5,134.5
ORD-100478,CUST-1174,2024-04-13 04:48:00,Delhi,UPI,cancelled,341.65,25.35
ORD-100479,CUST-1071,2024-06-23 04:44:00,Delhi,UPI,returned,506.25,93.75
ORD-100480,CUST-1038,2024-05-12 07:48:00,Mumbai,COD,cancelled,300.0,0.0
ORD-100481,CUST-1126,2024-04-19 18:40:00,Mumbai,COD,delivered,304.0,16.0
ORD-100482,CUST-1097,2024-05-28 02:40:00,Delhi,UPI,cancelled,472.0,48.0
ORD-100483,CUST-1104,2024-06-05 23:17:00,Mumbai,COD,delivered,379.0,51.0
ORD-100484,CUST-1117,2024-06-02 10:37:00,Mumbai,Card,delivered,424.0,36.0
ORD-100485,CUST-1024,2024-05-29 20:42:00,Bengaluru,UPI,delivered,162.0,18.0
ORD-100486,CUST-1004,2024-06-08 12:13:00,Bengaluru,UPI,returned,85.0,10.0
ORD-100487,CUST-1127,2024-05-05 10:53:00,Delhi,Card,delivered,686.4,50.6
ORD-100488,CUST-1148,2024-04-17 18:54:00,Mumbai,COD,delivered,745.75,39.25
ORD-100489,CUST-1175,2024-04-07 01:06:00,Delhi,COD,delivered,357.0,63.0
ORD-100490,CUST-1005,2024-04-16 05:28:00,Delhi,COD,delivered,769.5,40.5
ORD-100491,CUST-1052,2024-06-28 04:56:00,Bengaluru,UPI,delivered,488.25,46.75
ORD-100492,CUST-1071,2024-04-12 20:23:00,Delhi,COD,delivered,1701.45,139.55
ORD-100493,CUST-1171,2024-06-23 05:03:00,Bengaluru,COD,delivered,1581.25,128.75
ORD-100494,CUST-1186,2024-06-29 07:27:00,Mumbai,Card,delivered,912.2,103.8
ORD-100495,CUST-1025,2024-04-01 06:30:00,Bengaluru,Card,delivered,246.0,39.0
ORD-100496,CUST-1058,2024-06-06 21:28:00,Mumbai,Card,delivered,1556.85,244.15
ORD-100497,CUST-1088,2024-04-16 13:44:00,Mumbai,UPI,delivered,478.4,119.6
ORD-100498,CUST-1059,2024-05-20 02:46:00,Bengaluru,UPI,cancelled,705.0,95.0
ORD-100499,CUST-1081,2024-05-18 09:08:00,Delhi,UPI,delivered,370.5,19.5
ORD-100500,CUST-1165,2024-06-26 04:04:00,Mumbai,UPI,delivered,57.0,3.0
ORD-100501,CUST-1157,2024-06-23 05:28:00,Mumbai,UPI,delivered,554.0,66.0
ORD-100502,CUST-1161,2024-04-20 13:39:00,Bengaluru,UPI,delivered,1056.75,78.25
ORD-100503,CUST-1023,2024-04-13 04:48:00,Mumbai,Card,delivered,688.0,72.0
ORD-100504,CUST-1099,2024-05-15 13:20:00,Delhi,UPI,cancelled,349.25,35.75
ORD-100505,CUST-1071,2024-06-22 02:15:00,Delhi,Card,delivered,200.0,0.0
ORD-100506,CUST-1185,2024-06-17 09:49:00,Bengaluru,UPI,returned,570.75,34.25
ORD-100507,CUST-1169,2024-05-09 06:33:00,Delhi,UPI,delivered,72.0,18.0
ORD-100508,CUST-1192,2024-05-21 09:41:00,Mumbai,UPI,delivered,70.0,0.0
ORD-100509,CUST-1127,2024-05-20 03:15:00,Delhi,Card,delivered,420.0,15.0
ORD-100510,CUST-1019,2024-06-07 00:23:00,Delhi,UPI,returned,304.0,31.0
ORD-100511,CUST-1100,2024-06-12 13:23:00,Bengaluru,UPI,delivered,24.0,6.0
ORD-100512,CUST-1196,2024-05-31 02:01:00,Mumbai,UPI,delivered,28.0,7.0
ORD-100513,CUST-1068,2024-04-28 01:59:00,Delhi,COD,delivered,618.3,98.7
ORD-100514,CUST-1130,2024-05-07 20:45:00,Delhi,COD,delivered,456.6,59.4
ORD-100515,CUST-1109,2024-06-29 12:05:00,Mumbai,Card,delivered,120.5,24.5
ORD-100516,CUST-1158,2024-04-20 08:05:00,Delhi,Card,delivered,575.0,105.0
ORD-100517,CUST-1053,2024-04-20 17:20:00,Mumbai,Card,delivered,18.0,2.0
ORD-100518,CUST-1196,2024-06-23 21:41:00,Mumbai,Card,delivered,668.8,134.2
ORD-100519,CUST-1112,2024-05-01 01:15:00,Bengaluru,COD,delivered,335.25,49.75
ORD-100520,CUST-1030,2024-05-29 19:38:00,Mumbai,Card,delivered,102.0,18.0
ORD-100521,CUST-1190,2024-06-24 23:11:00,Delhi,Card,delivered,134.25,30.75
ORD-100522,CUST-1036,2024-06-29 00:10:00,Bengaluru,COD,delivered,75.75,9.25
ORD-100523,CUST-1134,2024-06-06 23:16:00,Delhi,UPI,delivered,468.45,68.55
ORD-100524,CUST-1192,2024-05-05 23:56:00,Mumbai,UPI,delivered,142.5,7.5
ORD-100525,CUST-1086,2024-05-25 08:33:00,Delhi,Card,delivered,430.0,70.0
ORD-100526,CUST-1148,2024-06-20 02:31:00,Mumbai,COD,delivered,363.4,39.6
ORD-100527,CUST-1015,2024-06-03 18:10:00,Bengaluru,COD,delivered,270.0,30.0
ORD-100528,CUST-1198,2024-04-14 18:43:00,Bengaluru,UPI,delivered,1323.2,95.8
ORD-100529,CUST-1190,2024-06-05 00:02:00,Delhi,UPI,returned,1474.2,283.8
ORD-100530,CUST-1063,2024-04-06 15:23:00,Mumbai,UPI,delivered,390.0,50.0
ORD-100531,CUST-1046,2024-04-05 17:51:00,Mumbai,Card,returned,108.0,12.0
ORD-100532,CUST-1168,2024-05-24 07:20:00,Delhi,Card,delivered,128.0,32.0
ORD-100533,CUST-1082,2024-05-05 02:36:00,Bengaluru,Card,delivered,334.8,37.2
ORD-100534,CUST-1173,2024-04-07 05:14:00,Delhi,UPI,cancelled,432.25,22.75
ORD-100535,CUST-1103,2024-04-09 14:55:00,Mumbai,COD,delivered,1232.0,208.0
ORD-100536,CUST-1084,2024-04-12 17:29:00,Delhi,UPI,delivered,594.0,66.0
ORD-100537,CUST-1075,2024-06-12 09:47:00,Mumbai,COD,delivered,206.5,23.5
ORD-100538,CUST-1095,2024-06-15 15:49:00,Bengaluru,Card,cancelled,72.0,8.0
ORD-100539,CUST-1140,2024-05-02 04:00:00,Delhi,UPI,returned,621.0,39.0
ORD-100540,CUST-1060,2024-06-09 11:40:00,Delhi,UPI,cancelled,231.5,3.5
ORD-100541,CUST-1086,2024-04-01 21:24:00,Delhi,Card,cancelled,114.0,6.0
ORD-100542,CUST-1079,2024-04-14 06:33:00,Bengaluru,COD,returned,1243.5,131.5
ORD-100543,CUST-1126,2024-04-08 04:45:00,Mumbai,UPI,delivered,1130.45,178.55
ORD-100544,CUST-1060,2024-06-06 13:44:00,Delhi,COD,returned,506.0,9.0
ORD-100545,CUST-1192,2024-04-11 18:06:00,Mumbai,Card,delivered,212.5,37.5
ORD-100546,CUST-1101,2024-04-10 18:36:00,Mumbai,Card,delivered,602.5,122.5
ORD-100547,CUST-1034,2024-05-01 09:16:00,Mumbai,COD,returned,0.0,0.0
ORD-100548,CUST-1180,2024-05-12 10:28:00,Mumbai,UPI,delivered,828.75,41.25
ORD-100549,CUST-1052,2024-04-18 18:06:00,Bengaluru,UPI,delivered,1060.0,180.0
ORD-100550,CUST-1116,2024-05-30 10:26:00,Mumbai,COD,delivered,72.0,18.0
ORD-100551,CUST-1198,2024-04-27 14:19:00,Bengaluru,UPI,delivered,459.0,81.0
ORD-100552,CUST-1024,2024-04-21 21:19:00,Bengaluru,Card,cancelled,313.5,16.5
ORD-100553,CUST-1155,2024-04-06 06:53:00,Bengaluru,UPI,returned,181.0,19.0
ORD-100554,CUST-1024,2024-05-02 11:25:00,Bengaluru,Card,delivered,120.0,30.0
ORD-100555,CUST-1077,2024-05-04 05:01:00,Bengaluru,COD,returned,1144.0,36.0
ORD-100556,CUST-1143,2024-06-10 07:06:00,Mumbai,UPI,delivered,570.0,130.0
ORD-100557,CUST-1032,2024-04-02 01:53:00,Mumbai,UPI,cancelled,315.0,40.0
ORD-100558,CUST-1034,2024-04-26 12:23:00,Mumbai,Card,delivered,216.0,24.0
ORD-100559,CUST-1022,2024-06-14 18:16:00,Bengaluru,UPI,returned,1034.0,26.0
ORD-100560,CUST-1006,2024-04-09 06:57:00,Delhi,UPI,delivered,322.15,56.85
ORD-100561,CUST-1024,2024-05-13 03:02:00,Bengaluru,UPI,returned,243.0,27.0
ORD-100562,CUST-1044,2024-06-13 13:52:00,Bengaluru,COD,delivered,399.0,21.0
ORD-100563,CUST-1008,2024-05-19 21:27:00,Bengaluru,UPI,delivered,38.0,2.0
ORD-100564,CUST-1048,2024-05-06 08:28:00,Delhi,UPI,returned,212.5,42.5
ORD-100565,CUST-1158,2024-06-19 19:15:00,Delhi,COD,delivered,398.2,19.8
ORD-100566,CUST-1106,2024-06-10 15:03:00,Bengaluru,COD,delivered,407.0,27.0
ORD-100567,CUST-1036,2024-05-24 06:41:00,Bengaluru,Card,returned,1078.0,132.0
ORD-100568,CUST-1064,2024-06-20 17:50:00,Delhi,COD,delivered,702.0,153.0
ORD-100569,CUST-1001,2024-05-16 15:34:00,Bengaluru,COD,cancelled,238.0,2.0
ORD-100570,CUST-1145,2024-06-04 10:24:00,Mumbai,UPI,delivered,836.4,192.6
ORD-100571,CUST-1082,2024-06-16 07:01:00,Bengaluru,COD,returned,1014.0,146.0
ORD-100572,CUST-1015,2024-05-31 16:22:00,Bengaluru,UPI,cancelled,206.0,14.0
ORD-100574,CUST-1003,2024-04-08 07:36:00,Bengaluru,COD,cancelled,327.0,63.0
ORD-100575,CUST-1091,2024-04-23 05:15:00,Delhi,Card,delivered,376.0,94.0
ORD-100576,CUST-1179,2024-05-16 18:01:00,Bengaluru,COD,delivered,68.0,12.0
ORD-100577,CUST-1146,2024-06-12 04:36:00,Mumbai,COD,returned,135.0,0.0
ORD-100578,CUST-1139,2024-05-10 05:31:00,Delhi,UPI,delivered,1166.55,94.45
ORD-100579,CUST-1060,2024-06-17 07:01:00,Delhi,UPI,delivered,288.0,32.0
ORD-100580,CUST-1085,2024-06-18 06:51:00,Mumbai,Card,delivered,371.5,63.5
ORD-100581,CUST-1046,2024-05-12 01:01:00,Mumbai,Card,delivered,144.0,36.0
ORD-100582,CUST-1037,2024-04-15 16:55:00,Mumbai,UPI,delivered,495.0,0.0
ORD-100583,CUST-1096,2024-06-24 12:37:00,Delhi,COD,delivered,725.3,40.7
ORD-100584,CUST-1083,2024-04-18 05:46:00,Bengaluru,Card,returned,1125.75,99.25
ORD-100585,CUST-1125,2024-06-23 10:11:00,Delhi,Card,delivered,441.0,59.0
ORD-100586,CUST-1178,2024-06-18 11:14:00,Mumbai,UPI,delivered,238.5,31.5
ORD-100587,CUST-1097,2024-05-10 23:44:00,Delhi,UPI,delivered,178.2,19.8
ORD-100588,CUST-1187,2024-04-01 22:36:00,Mumbai,Card,delivered,922.45,134.55
ORD-100589,CUST-1009,2024-04-24 19:20:00,Mumbai,Card,returned,171.0,9.0
ORD-100590,CUST-1057,2024-06-21 18:06:00,Bengaluru,UPI,returned,896.75,158.25
ORD-100591,CUST-1085,2024-04-10 07:22:00,Mumbai,UPI,returned,712.25,62.75
ORD-100592,CUST-1163,2024-04-12 22:42:00,Delhi,COD,delivered,537.0,103.0
ORD-100593,CUST-1115,2024-04-02 08:13:00,Mumbai,UPI,delivered,390.0,60.0
ORD-100594,CUST-1090,2024-05-03 03:46:00,Mumbai,COD,delivered,376.0,4.0
ORD-100595,CUST-1113,2024-05-24 05:56:00,Delhi,COD,delivered,1017.0,0.0
ORD-100596,CUST-1090,2024-06-09 12:06:00,Mumbai,Card,cancelled,140.0,20.0
ORD-100597,CUST-1167,2024-06-27 07:10:00,Delhi,UPI,delivered,1270.75,224.25
ORD-100598,CUST-1076,2024-04-03 10:16:00,Bengaluru,UPI,returned,585.8,114.2
ORD-100599,CUST-1088,2024-04-22 12:10:00,Mumbai,Card,delivered,240.0,0.0
ORD-100600,CUST-1024,2024-05-14 19:39:00,Bengaluru,Card,returned,243.0,22.0
ORD-100601,CUST-1008,2024-05-26 20:10:00,Bengaluru,COD,delivered,54.0,6.0
ORD-100603,CUST-1105,2024-06-29 17:46:00,Delhi,Card,returned,515.0,15.0
ORD-100604,CUST-1068,2024-06-24 09:19:00,Delhi,UPI,delivered,883.5,171.5
ORD-100605,CUST-1101,2024-06-13 17:53:00,Mumbai,UPI,delivered,321.35,35.65
ORD-100606,CUST-1093,2024-04-01 13:05:00,Delhi,Card,delivered,432.0,108.0
ORD-100607,CUST-1161,2024-06-16 15:12:00,Bengaluru,UPI,delivered,720.5,49.5
ORD-100608,CUST-1044,2024-06-21 09:05:00,Bengaluru,UPI,delivered,884.15,74.85
ORD-100609,CUST-1079,2024-05-21 15:31:00,Bengaluru,COD,returned,393.8,87.2
ORD-100610,CUST-1024,2024-06-22 17:24:00,Bengaluru,COD,delivered,307.0,63.0
ORD-100611,CUST-1095,2024-04-24 14:02:00,Bengaluru,COD,delivered,191.25,33.75
ORD-100612,CUST-1068,2024-04-29 08:36:00,Delhi,Card,delivered,1486.5,153.5
ORD-100613,CUST-1171,2024-04-13 02:42:00,Bengaluru,Card,delivered,0.0,0.0
ORD-100614,CUST-1106,2024-06-15 07:35:00,Bengaluru,COD,delivered,413.0,27.0
ORD-100615,CUST-1134,2024-05-24 17:43:00,Delhi,COD,returned,513.0,27.0
ORD-100616,CUST-1147,2024-05-01 15:19:00,Delhi,Card,delivered,57.0,3.0
ORD-100617,CUST-1009,2024-06-04 18:57:00,Mumbai,Card,delivered,80.0,0.0
ORD-100618,CUST-1174,2024-06-19 04:07:00,Delhi,COD,returned,247.5,27.5
ORD-100619,CUST-1045,2024-04-22 06:51:00,Bengaluru,UPI,delivered,755.0,20.0
ORD-100620,CUST-1109,2024-04-11 21:27:00,Mumbai,Card,delivered,60.0,0.0
ORD-100621,CUST-1038,2024-06-16 08:20:00,Mumbai,UPI,returned,299.0,11.0
ORD-100622,CUST-1023,2024-05-20 17:25:00,Mumbai,COD,delivered,140.25,24.75
ORD-100623,CUST-1134,2024-05-29 00:50:00,Delhi,Card,delivered,178.2,19.8
ORD-100624,CUST-1134,2024-05-24 03:26:00,Delhi,Card,delivered,674.25,90.75
ORD-100625,CUST-1151,2024-06-14 03:59:00,Mumbai,UPI,delivered,255.0,45.0
ORD-100626,CUST-1002,2024-05-07 17:56:00,Mumbai,COD,delivered,360.25,44.75
ORD-100627,CUST-1068,2024-05-20 20:31:00,Delhi,COD,delivered,532.0,28.0
ORD-100628,CUST-1010,2024-04-23 08:25:00,Delhi,Card,delivered,580.0,50.0
ORD-100629,CUST-1175,2024-06-28 12:02:00,Delhi,COD,delivered,114.0,6.0
ORD-100630,CUST-1177,2024-05-01 01:47:00,Bengaluru,COD,delivered,258.0,42.0
ORD-100631,CUST-1096,2024-04-03 10:52:00,Delhi,COD,cancelled,638.25,96.75
ORD-100632,CUST-1072,2024-06-02 22:43:00,Delhi,UPI,delivered,288.4,49.6
ORD-100633,CUST-1035,2024-05-09 23:28:00,Bengaluru,COD,cancelled,0.0,0.0
ORD-100634,CUST-1069,2024-05-24 19:41:00,Delhi,COD,delivered,609.0,51.0
ORD-100635,CUST-1055,2024-05-23 23:31:00,Delhi,COD,cancelled,612.0,48.0
ORD-100636,CUST-1015,2024-06-05 05:04:00,Bengaluru,Card,delivered,354.6,82.4
ORD-100637,CUST-1104,2024-04-18 16:56:00,Mumbai,UPI,delivered,488.0,92.0
ORD-100638,CUST-1050,2024-04-26 01:15:00,Bengaluru,UPI,delivered,135.0,15.0
ORD-100639,CUST-1093,2024-04-26 08:23:00,Delhi,Card,cancelled,102.0,18.0
ORD-100640,CUST-1102,2024-06-21 03:43:00,Bengaluru,COD,delivered,750.0,90.0
ORD-100641,CUST-1126,2024-06-16 14:11:00,Mumbai,COD,returned,1198.5,91.5
ORD-100642,CUST-1151,2024-06-10 11:22:00,Mumbai,COD,delivered,591.6,104.4
ORD-100643,CUST-1192,2024-06-28 02:18:00,Mumbai,UPI,delivered,1510.75,284.25
ORD-100645,CUST-1174,2024-04-27 08:41:00,Delhi,UPI,delivered,445.5,27.5
ORD-100646,CUST-1200,2024-06-27 00:30:00,Delhi,Card,returned,434.2,43.8
ORD-100647,CUST-1045,2024-06-16 00:14:00,Bengaluru,COD,delivered,85.5,4.5
ORD-100648,CUST-1183,2024-06-22 08:27:00,Mumbai,COD,returned,1295.0,0.0
ORD-100649,CUST-1118,2024-05-03 06:29:00,Delhi,Card,delivered,96.0,24.0
ORD-100650,CUST-1160,2024-05-21 18:06:00,Mumbai,Card,delivered,216.0,24.0
ORD-100651,CUST-1096,2024-06-11 20:38:00,Delhi,COD,delivered,60.0,0.0
ORD-100652,CUST-1176,2024-04-14 15:04:00,Bengaluru,COD,delivered,1293.25,101.75
ORD-100653,CUST-1164,2024-05-12 08:16:00,Bengaluru,Card,delivered,160.0,0.0
ORD-100654,CUST-1077,2024-04-25 04:33:00,Bengaluru,UPI,cancelled,100.0,0.0
ORD-100655,CUST-1154,2024-05-22 21:20:00,Bengaluru,Card,delivered,1225.6,190.4
ORD-100656,CUST-1007,2024-06-23 15:18:00,Bengaluru,COD,delivered,476.5,98.5
ORD-100657,CUST-1104,2024-05-20 23:02:00,Mumbai,Card,delivered,2116.25,98.75
ORD-100658,CUST-1049,2024-05-14 23:45:00,Bengaluru,Card,delivered,545.6,65.4
ORD-100659,CUST-1164,2024-05-31 21:22:00,Bengaluru,UPI,delivered,237.6,59.4
ORD-100660,CUST-1169,2024-06-11 05:18:00,Delhi,UPI,delivered,108.0,12.0
ORD-100661,CUST-1190,2024-05-04 23:51:00,Delhi,UPI,delivered,403.75,21.25
ORD-100662,CUST-1175,2024-05-13 20:05:00,Delhi,UPI,delivered,180.0,20.0
ORD-100663,CUST-1191,2024-05-10 13:50:00,Mumbai,COD,returned,240.0,0.0
ORD-100664,CUST-1067,2024-06-14 09:29:00,Bengaluru,COD,returned,127.5,22.5
ORD-100665,CUST-1014,2024-06-21 18:37:00,Bengaluru,UPI,returned,297.0,0.0
ORD-100666,CUST-1121,2024-04-25 16:07:00,Bengaluru,COD,returned,356.4,39.6
ORD-100667,CUST-1136,2024-05-09 13:03:00,Delhi,UPI,returned,612.45,44.55
ORD-100668,CUST-1036,2024-04-26 10:26:00,Bengaluru,COD,returned,1213.0,112.0
ORD-100669,CUST-1037,2024-05-11 22:11:00,Mumbai,COD,cancelled,142.0,18.0
ORD-100670,CUST-1086,2024-06-20 05:20:00,Delhi,UPI,delivered,880.0,220.0
ORD-100671,CUST-1116,2024-05-06 06:48:00,Mumbai,Card,cancelled,1048.25,46.75
ORD-100672,CUST-1196,2024-04-21 15:50:00,Mumbai,UPI,cancelled,543.75,56.25
ORD-100673,CUST-1034,2024-06-18 13:40:00,Mumbai,COD,delivered,677.5,72.5
ORD-100674,CUST-1123,2024-05-20 00:02:00,Delhi,Card,delivered,172.0,28.0
ORD-100675,CUST-1096,2024-04-02 10:48:00,Delhi,UPI,cancelled,437.0,33.0
ORD-100676,CUST-1005,2024-06-26 00:40:00,Delhi,UPI,delivered,338.2,59.8
ORD-100677,CUST-1178,2024-05-15 09:08:00,Mumbai,Card,delivered,895.75,154.25
ORD-100678,CUST-1151,2024-05-10 05:04:00,Mumbai,COD,cancelled,616.0,4.0
ORD-100679,CUST-1075,2024-05-29 23:33:00,Mumbai,COD,delivered,793.25,86.75
ORD-100680,CUST-1112,2024-06-27 04:21:00,Bengaluru,COD,returned,759.1,59.9
ORD-100681,CUST-1092,2024-04-25 05:58:00,Bengaluru,COD,returned,380.55,90.45
ORD-100682,CUST-1005,2024-04-30 07:46:00,Delhi,UPI,returned,193.2,25.8
ORD-100683,CUST-1188,2024-04-03 18:32:00,Mumbai,COD,delivered,506.6,37.4
ORD-100684,CUST-1183,2024-06-23 01:24:00,Mumbai,COD,returned,360.0,0.0
ORD-100685,CUST-1198,2024-06-08 19:03:00,Bengaluru,UPI,delivered,584.0,96.0
ORD-100686,CUST-1170,2024-04-14 20:53:00,Delhi,Card,delivered,635.2,82.8
ORD-100687,CUST-1030,2024-05-24 14:24:00,Mumbai,COD,delivered,64.0,16.0
ORD-100688,CUST-1122,2024-06-29 04:13:00,Mumbai,Card,delivered,220.0,55.0
ORD-100689,CUST-1003,2024-05-09 13:42:00,Bengaluru,Card,delivered,293.1,45.9
ORD-100690,CUST-1070,2024-06-19 19:44:00,Bengaluru,UPI,delivered,615.0,21.0
ORD-100691,CUST-1131,2024-06-19 03:18:00,Delhi,UPI,delivered,133.0,7.0
ORD-100692,CUST-1128,2024-04-26 19:12:00,Delhi,Card,cancelled,256.1,21.9
ORD-100693,CUST-1052,2024-05-16 22:26:00,Bengaluru,UPI,delivered,89.1,9.9
ORD-100694,CUST-1141,2024-06-03 06:44:00,Bengaluru,COD,returned,489.0,91.0
ORD-100695,CUST-1061,2024-04-01 00:42:00,Bengaluru,UPI,delivered,351.0,49.0
ORD-100696,CUST-1147,2024-06-25 15:09:00,Delhi,Card,returned,1400.4,200.6
ORD-100697,CUST-1020,2024-04-13 08:41:00,Mumbai,COD,delivered,201.0,4.0
ORD-100698,CUST-1068,2024-05-30 01:06:00,Delhi,UPI,cancelled,1216.5,93.5
ORD-100699,CUST-1075,2024-05-17 21:20:00,Mumbai,UPI,delivered,853.0,45.0
ORD-100700,CUST-1025,2024-04-06 00:54:00,Bengaluru,Card,delivered,985.25,89.75
ORD-100701,CUST-1044,2024-05-13 11:57:00,Bengaluru,Card,delivered,156.75,8.25
ORD-100702,CUST-1069,2024-04-12 11:52:00,Delhi,UPI,delivered,433.2,64.8
ORD-100703,CUST-1103,2024-05-22 14:17:00,Mumbai,Card,cancelled,853.0,67.0
ORD-100704,CUST-1123,2024-05-24 20:56:00,Delhi,UPI,cancelled,2056.0,44.0
ORD-100705,CUST-1034,2024-06-29 23:03:00,Mumbai,UPI,returned,866.0,9.0
ORD-100706,CUST-1027,2024-05-24 18:30:00,Mumbai,Card,cancelled,492.0,123.0
ORD-100707,CUST-1113,2024-04-24 19:24:00,Delhi,Card,cancelled,209.0,11.0
ORD-100708,CUST-1008,2024-06-27 23:57:00,Bengaluru,COD,delivered,465.5,24.5
ORD-100709,CUST-1029,2024-05-23 14:02:00,Delhi,Card,delivered,186.75,8.25
ORD-100710,CUST-1081,2024-04-02 22:55:00,Delhi,Card,delivered,36.0,9.0
ORD-100711,CUST-1148,2024-06-12 07:42:00,Mumbai,Card,returned,324.0,36.0
ORD-100712,CUST-1134,2024-06-28 22:39:00,Delhi,Card,delivered,716.2,19.8
ORD-100713,CUST-1187,2024-05-02 15:22:00,Mumbai,Card,delivered,240.0,0.0
ORD-100714,CUST-1099,2024-04-20 17:57:00,Delhi,UPI,returned,120.0,0.0
ORD-100715,CUST-1003,2024-06-22 05:32:00,Bengaluru,COD,cancelled,1356.4,149.6
ORD-100716,CUST-1043,2024-04-10 15:20:00,Delhi,COD,delivered,135.0,15.0
ORD-100717,CUST-1013,2024-06-04 07:35:00,Delhi,COD,delivered,498.75,66.25
ORD-100718,CUST-1061,2024-04-11 14:28:00,Bengaluru,COD,cancelled,352.0,88.0
ORD-100719,CUST-1023,2024-06-03 14:20:00,Mumbai,COD,delivered,297.0,11.0
ORD-100720,CUST-1191,2024-06-23 00:06:00,Mumbai,UPI,delivered,310.25,24.75
ORD-100721,CUST-1143,2024-06-10 00:52:00,Mumbai,Card,delivered,237.6,59.4
ORD-100722,CUST-1159,2024-06-21 09:56:00,Mumbai,UPI,delivered,745.0,115.0
ORD-100723,CUST-1168,2024-06-25 14:21:00,Delhi,UPI,delivered,360.0,90.0
ORD-100724,CUST-1058,2024-05-29 10:35:00,Mumbai,Card,cancelled,476.0,84.0
ORD-100725,CUST-1122,2024-06-24 11:45:00,Mumbai,UPI,delivered,825.0,75.0
ORD-100726,CUST-1195,2024-06-24 07:00:00,Bengaluru,Card,delivered,749.0,32.0
ORD-100727,CUST-1005,2024-05-08 17:33:00,Delhi,UPI,delivered,557.0,42.0
ORD-100728,CUST-1012,2024-04-22 15:08:00,Mumbai,Card,cancelled,188.55,15.45
ORD-100729,CUST-1185,2024-05-23 03:16:00,Bengaluru,UPI,delivered,139.5,15.5
ORD-100730,CUST-1031,2024-05-21 06:29:00,Delhi,UPI,cancelled,868.75,26.25
ORD-100731,CUST-1184,2024-05-14 03:48:00,Delhi,Card,delivered,397.0,18.0
ORD-100732,CUST-1173,2024-06-15 03:49:00,Delhi,COD,returned,396.5,13.5
ORD-100733,CUST-1169,2024-06-15 16:08:00,Delhi,UPI,returned,1013.0,72.0
ORD-100734,CUST-1136,2024-04-07 17:59:00,Delhi,Card,delivered,16.0,4.0
ORD-100735,CUST-1124,2024-06-05 05:44:00,Delhi,Card,delivered,699.65,101.35
ORD-100736,CUST-1033,2024-04-14 12:42:00,Mumbai,COD,delivered,756.9,119.1
ORD-100737,CUST-1130,2024-05-20 13:38:00,Delhi,UPI,returned,432.0,48.0
ORD-100738,CUST-1071,2024-05-21 10:18:00,Delhi,UPI,delivered,237.0,23.0
ORD-100739,CUST-1036,2024-05-23 19:44:00,Bengaluru,Card,returned,412.5,27.5
ORD-100740,CUST-1077,2024-06-29 17:55:00,Bengaluru,Card,delivered,150.0,0.0
ORD-100741,CUST-1142,2024-06-20 06:12:00,Bengaluru,Card,delivered,180.0,20.0
ORD-100742,CUST-1075,2024-06-27 11:58:00,Mumbai,Card,delivered,739.5,130.5
ORD-100743,CUST-1167,2024-04-23 16:34:00,Delhi,COD,delivered,1516.3,111.7
ORD-100744,CUST-1182,2024-04-15 11:35:00,Bengaluru,Card,delivered,36.0,4.0
ORD-100745,CUST-1171,2024-05-24 21:47:00,Bengaluru,Card,returned,482.0,18.0
ORD-100746,CUST-1074,2024-05-25 00:33:00,Mumbai,COD,delivered,114.0,6.0
ORD-100747,CUST-1038,2024-04-07 21:03:00,Mumbai,UPI,delivered,1256.4,169.6
ORD-100748,CUST-1074,2024-06-27 08:09:00,Mumbai,Card,cancelled,656.0,24.0
ORD-100749,CUST-1001,2024-05-08 06:48:00,Bengaluru,COD,delivered,742.5,102.5
ORD-100750,CUST-1116,2024-04-14 19:55:00,Mumbai,Card,delivered,102.0,18.0
ORD-100751,CUST-1058,2024-06-22 17:24:00,Mumbai,Card,delivered,240.0,0.0
ORD-100752,CUST-1074,2024-06-28 21:03:00,Mumbai,COD,returned,256.0,24.0
ORD-100753,CUST-1107,2024-06-27 10:35:00,Delhi,Card,delivered,639.0,41.0
ORD-100754,CUST-1065,2024-04-26 19:55:00,Delhi,COD,cancelled,613.0,52.0
ORD-100755,CUST-1058,2024-06-21 22:45:00,Mumbai,Card,delivered,409.5,60.5
ORD-100756,CUST-1140,2024-06-17 06:49:00,Delhi,UPI,delivered,515.5,4.5
ORD-100757,CUST-1076,2024-05-28 05:43:00,Bengaluru,UPI,delivered,190.0,10.0
ORD-100758,CUST-1189,2024-06-05 03:24:00,Delhi,COD,delivered,982.15,121.85
ORD-100759,CUST-1143,2024-05-04 04:10:00,Mumbai,COD,delivered,343.0,57.0
ORD-100760,CUST-1002,2024-05-13 14:45:00,Mumbai,UPI,returned,360.0,18.0
ORD-100761,CUST-1040,2024-05-12 19:03:00,Bengaluru,Card,cancelled,385.0,33.0
ORD-100762,CUST-1158,2024-06-24 09:31:00,Delhi,Card,cancelled,824.75,20.25
ORD-100763,CUST-1092,2024-04-10 22:20:00,Bengaluru,UPI,delivered,60.0,0.0
ORD-100764,CUST-1134,2024-04-09 16:10:00,Delhi,Card,delivered,518.0,22.0
ORD-100765,CUST-1104,2024-04-12 11:14:00,Mumbai,Card,returned,372.0,48.0
ORD-100766,CUST-1085,2024-05-13 11:18:00,Mumbai,Card,delivered,815.0,120.0
ORD-100767,CUST-1136,2024-05-31 17:52:00,Delhi,Card,cancelled,32.0,8.0
ORD-100768,CUST-1003,2024-04-15 21:22:00,Bengaluru,Card,delivered,350.15,28.85
ORD-100769,CUST-1158,2024-06-19 07:02:00,Delhi,COD,delivered,452.5,67.5
ORD-100770,CUST-1098,2024-04-15 12:16:00,Bengaluru,COD,delivered,832.0,58.0
ORD-100771,CUST-1007,2024-06-06 11:32:00,Bengaluru,COD,cancelled,818.5,161.5
ORD-100772,CUST-1125,2024-04-06 09:57:00,Delhi,COD,delivered,314.0,6.0
ORD-100773,CUST-1132,2024-04-11 03:10:00,Bengaluru,Card,returned,1503.0,137.0
ORD-100774,CUST-1137,2024-04-01 20:04:00,Mumbai,Card,delivered,644.25,25.75
ORD-100775,CUST-1199,2024-04-28 21:27:00,Delhi,UPI,cancelled,284.25,30.75
ORD-100776,CUST-1138,2024-06-29 23:49:00,Delhi,UPI,delivered,816.0,24.0
ORD-100777,CUST-1192,2024-06-27 04:01:00,Mumbai,COD,delivered,76.0,4.0
ORD-100778,CUST-1010,2024-04-12 02:03:00,Delhi,COD,delivered,1055.2,80.8
ORD-100779,CUST-1143,2024-04-10 18:52:00,Mumbai,COD,delivered,1081.5,133.5
ORD-100780,CUST-1105,2024-05-20 14:40:00,Delhi,COD,delivered,256.0,64.0
ORD-100781,CUST-1005,2024-05-20 21:07:00,Delhi,Card,delivered,638.15,140.85
ORD-100782,CUST-1185,2024-06-19 02:48:00,Bengaluru,UPI,delivered,1604.6,231.4
ORD-100783,CUST-1180,2024-04-10 11:59:00,Mumbai,COD,delivered,720.0,0.0
ORD-100784,CUST-1002,2024-06-27 09:38:00,Mumbai,COD,delivered,475.0,25.0
ORD-100785,CUST-1098,2024-05-21 21:01:00,Bengaluru,Card,delivered,556.0,84.0
ORD-100786,CUST-1057,2024-04-18 23:25:00,Bengaluru,Card,cancelled,1308.2,19.8
ORD-100787,CUST-1076,2024-06-21 04:19:00,Bengaluru,Card,delivered,255.0,0.0
ORD-100788,CUST-1166,2024-05-18 00:35:00,Bengaluru,UPI,returned,79.2,19.8
ORD-100789,CUST-1032,2024-04-06 00:36:00,Mumbai,Card,delivered,736.5,73.5
ORD-100790,CUST-1141,2024-04-11 09:13:00,Bengaluru,Card,delivered,1138.5,71.5
ORD-100791,CUST-1089,2024-04-28 13:57:00,Bengaluru,Card,delivered,103.5,6.5
ORD-100792,CUST-1037,2024-04-21 05:14:00,Mumbai,COD,delivered,503.0,7.0
ORD-100793,CUST-1050,2024-04-15 05:42:00,Bengaluru,UPI,cancelled,300.0,0.0
ORD-100794,CUST-1193,2024-06-10 14:41:00,Mumbai,COD,delivered,912.75,91.25
ORD-100795,CUST-1172,2024-04-09 08:06:00,Bengaluru,Card,delivered,133.0,7.0
ORD-100796,CUST-1125,2024-05-13 11:08:00,Delhi,UPI,delivered,580.0,100.0
ORD-100797,CUST-1026,2024-05-07 19:04:00,Bengaluru,COD,returned,728.15,80.85
ORD-100798,CUST-1125,2024-05-28 10:39:00,Delhi,Card,delivered,728.0,137.0
ORD-100799,CUST-1150,2024-04-20 18:36:00,Bengaluru,COD,delivered,64.0,16.0
ORD-100800,CUST-1110,2024-04-22 00:20:00,Bengaluru,UPI,delivered,376.2,19.8
ORD-100801,CUST-1183,2024-06-22 13:17:00,Mumbai,UPI,cancelled,872.7,176.3
ORD-100802,CUST-1174,2024-05-13 15:29:00,Delhi,COD,delivered,105.0,15.0
ORD-100803,CUST-1125,2024-06-10 03:11:00,Delhi,UPI,delivered,442.0,78.0
ORD-100804,CUST-1072,2024-04-18 17:12:00,Delhi,Card,delivered,1249.0,141.0
ORD-100805,CUST-1020,2024-04-10 00:54:00,Mumbai,UPI,delivered,104.5,5.5
ORD-100806,CUST-1149,2024-06-14 12:49:00,Delhi,UPI,delivered,120.0,0.0
ORD-100807,CUST-1142,2024-05-04 17:57:00,Bengaluru,COD,returned,621.5,74.5
ORD-100808,CUST-1168,2024-04-20 11:25:00,Delhi,Card,delivered,264.0,0.0
ORD-100809,CUST-1188,2024-05-08 04:29:00,Mumbai,UPI,delivered,1896.25,74.75
ORD-100810,CUST-1102,2024-05-17 16:00:00,Bengaluru,Card,delivered,207.0,23.0
ORD-100811,CUST-1176,2024-04-22 16:08:00,Bengaluru,UPI,delivered,209.0,11.0
ORD-100812,CUST-1145,2024-06-12 21:55:00,Mumbai,Card,returned,150.0,0.0
ORD-100813,CUST-1188,2024-06-01 11:02:00,Mumbai,COD,delivered,483.45,77.55
ORD-100814,CUST-1060,2024-04-09 08:23:00,Delhi,Card,delivered,470.25,24.75
ORD-100815,CUST-1053,2024-06-06 11:24:00,Mumbai,COD,delivered,782.75,67.25
ORD-100816,CUST-1012,2024-04-06 20:20:00,Mumbai,Card,delivered,619.0,21.0
ORD-100817,CUST-1163,2024-05-06 23:16:00,Delhi,Card,delivered,462.0,66.0
ORD-100818,CUST-1045,2024-05-19 20:24:00,Bengaluru,Card,delivered,58.5,6.5
ORD-100819,CUST-1020,2024-06-06 08:24:00,Mumbai,UPI,returned,1220.0,280.0
ORD-100820,CUST-1133,2024-05-22 11:52:00,Mumbai,COD,returned,900.0,0.0
ORD-100821,CUST-1003,2024-06-01 19:00:00,Bengaluru,UPI,delivered,893.95,78.05
ORD-100822,CUST-1113,2024-04-22 07:04:00,Delhi,COD,delivered,620.0,0.0
ORD-100823,CUST-1055,2024-04-20 05:10:00,Delhi,Card,delivered,560.0,140.0
ORD-100824,CUST-1031,2024-06-24 07:26:00,Delhi,Card,cancelled,306.0,54.0
ORD-100825,CUST-1030,2024-06-01 21:30:00,Mumbai,Card,delivered,551.5,73.5
ORD-100827,CUST-1147,2024-06-15 05:08:00,Delhi,UPI,delivered,865.4,58.6
ORD-100828,CUST-1147,2024-04-19 01:10:00,Delhi,UPI,delivered,108.0,12.0
ORD-100829,CUST-1133,2024-05-22 19:36:00,Mumbai,Card,delivered,141.15,17.85
ORD-100830,CUST-1187,2024-06-24 09:05:00,Mumbai,Card,delivered,255.0,45.0
ORD-100831,CUST-1121,2024-06-01 05:14:00,Bengaluru,Card,cancelled,0.0,0.0
ORD-100832,CUST-1037,2024-06-14 05:39:00,Mumbai,COD,delivered,170.0,0.0
ORD-100833,CUST-1043,2024-06-27 10:59:00,Delhi,Card,delivered,927.0,153.0
ORD-100834,CUST-1018,2024-04-30 12:24:00,Bengaluru,UPI,delivered,654.75,85.25
ORD-100835,CUST-1052,2024-06-06 16:43:00,Bengaluru,UPI,delivered,515.0,85.0
ORD-100836,CUST-1156,2024-04-13 05:30:00,Delhi,Card,returned,237.6,26.4
ORD-100837,CUST-1010,2024-06-08 16:48:00,Delhi,COD,delivered,490.0,90.0
ORD-100838,CUST-1169,2024-04-17 19:34:00,Delhi,Card,cancelled,204.0,36.0
ORD-100839,CUST-1167,2024-05-26 16:26:00,Delhi,UPI,delivered,46.75,8.25
ORD-100840,CUST-1179,2024-06-07 13:14:00,Bengaluru,COD,returned,336.0,64.0
ORD-100841,CUST-1003,2024-05-19 11:37:00,Bengaluru,Card,cancelled,464.0,66.0
ORD-100842,CUST-1148,2024-04-13 13:08:00,Mumbai,UPI,delivered,27.0,3.0
ORD-100843,CUST-1022,2024-05-07 19:56:00,Bengaluru,COD,delivered,237.0,33.0
ORD-100844,CUST-1049,2024-04-01 22:47:00,Bengaluru,Card,cancelled,1811.0,339.0
ORD-100845,CUST-1134,2024-04-16 16:00:00,Delhi,UPI,delivered,406.0,49.0
ORD-100846,CUST-1177,2024-05-11 13:23:00,Bengaluru,COD,delivered,144.0,36.0
ORD-100847,CUST-1167,2024-06-14 08:16:00,Delhi,COD,returned,415.5,54.5
ORD-100848,CUST-1145,2024-05-17 19:17:00,Mumbai,COD,returned,225.0,25.0
ORD-100849,CUST-1194,2024-04-27 13:35:00,Bengaluru,COD,cancelled,218.25,6.75
ORD-100850,CUST-1046,2024-05-18 17:35:00,Mumbai,COD,delivered,420.75,74.25
ORD-100851,CUST-1148,2024-05-15 22:25:00,Mumbai,Card,delivered,1082.5,42.5
ORD-100852,CUST-1031,2024-04-30 14:50:00,Delhi,UPI,delivered,366.5,43.5
ORD-100853,CUST-1026,2024-04-28 16:25:00,Bengaluru,Card,cancelled,156.0,24.0
ORD-100854,CUST-1158,2024-06-29 21:45:00,Delhi,COD,delivered,231.0,39.0
ORD-100855,CUST-1163,2024-04-01 02:52:00,Delhi,Card,delivered,425.7,47.3
ORD-100856,CUST-1112,2024-04-12 02:16:00,Bengaluru,UPI,delivered,114.0,6.0
ORD-100857,CUST-1156,2024-04-05 23:24:00,Delhi,COD,returned,272.0,68.0
ORD-100858,CUST-1158,2024-06-23 16:18:00,Delhi,Card,delivered,440.0,0.0
ORD-100859,CUST-1015,2024-04-23 20:31:00,Bengaluru,UPI,delivered,237.6,59.4
ORD-100860,CUST-1169,2024-06-06 09:12:00,Delhi,Card,delivered,836.05,137.95
ORD-100861,CUST-1131,2024-06-06 22:14:00,Delhi,Card,delivered,40.5,4.5
ORD-100862,CUST-1010,2024-05-17 07:41:00,Delhi,UPI,delivered,176.0,44.0
ORD-100863,CUST-1023,2024-05-06 12:22:00,Mumbai,COD,delivered,499.55,39.45
ORD-100864,CUST-1151,2024-04-26 16:00:00,Mumbai,UPI,delivered,664.0,166.0
ORD-100865,CUST-1024,2024-06-10 09:46:00,Bengaluru,Card,cancelled,1100.0,0.0
ORD-100866,CUST-1090,2024-05-15 08:14:00,Mumbai,UPI,delivered,433.5,76.5
ORD-100867,CUST-1117,2024-05-22 18:00:00,Mumbai,COD,delivered,377.75,47.25
ORD-100868,CUST-1130,2024-04-14 17:04:00,Delhi,COD,delivered,396.0,99.0
ORD-100869,CUST-1030,2024-06-05 08:56:00,Mumbai,Card,delivered,420.75,74.25
ORD-100870,CUST-1065,2024-06-28 14:24:00,Delhi,UPI,delivered,789.0,51.0
ORD-100871,CUST-1194,2024-05-14 14:43:00,Bengaluru,Card,delivered,567.5,82.5
ORD-100872,CUST-1008,2024-06-01 03:16:00,Bengaluru,Card,delivered,694.0,105.0
ORD-100873,CUST-1002,2024-04-29 21:44:00,Mumbai,COD,delivered,293.25,51.75
ORD-100874,CUST-1106,2024-05-16 16:34:00,Bengaluru,COD,delivered,447.5,102.5
ORD-100875,CUST-1064,2024-05-07 02:25:00,Delhi,COD,delivered,480.0,0.0
ORD-100876,CUST-1020,2024-06-10 05:30:00,Mumbai,UPI,delivered,19.0,1.0
ORD-100877,CUST-1147,2024-05-05 05:47:00,Delhi,UPI,delivered,956.0,204.0
ORD-100878,CUST-1128,2024-04-26 07:47:00,Delhi,COD,delivered,527.5,67.5
ORD-100879,CUST-1053,2024-04-30 06:53:00,Mumbai,Card,delivered,306.0,34.0
ORD-100880,CUST-1092,2024-04-20 03:07:00,Bengaluru,Card,returned,465.25,49.75
ORD-100881,CUST-1170,2024-06-03 19:00:00,Delhi,Card,cancelled,556.6,114.4
ORD-100882,CUST-1011,2024-06-01 11:39:00,Mumbai,Card,delivered,545.75,44.25
ORD-100883,CUST-1071,2024-06-02 05:48:00,Delhi,COD,returned,1134.0,276.0
ORD-100884,CUST-1102,2024-04-29 18:08:00,Bengaluru,COD,delivered,693.25,67.75
ORD-100885,CUST-1123,2024-06-09 01:32:00,Delhi,Card,delivered,630.0,105.0
ORD-100886,CUST-1199,2024-04-23 14:07:00,Delhi,COD,delivered,303.5,31.5
ORD-100887,CUST-1081,2024-06-28 00:00:00,Delhi,COD,delivered,572.0,83.0
ORD-100888,CUST-1149,2024-04-13 10:23:00,Delhi,COD,delivered,328.9,23.1
ORD-100889,CUST-1048,2024-06-10 08:15:00,Delhi,Card,delivered,1096.75,158.25
ORD-100890,CUST-1088,2024-05-17 05:31:00,Mumbai,COD,delivered,108.0,12.0
ORD-100891,CUST-1180,2024-05-18 11:54:00,Mumbai,COD,delivered,273.0,27.0
ORD-100892,CUST-1047,2024-06-13 04:36:00,Bengaluru,UPI,delivered,754.0,11.0
ORD-100893,CUST-1185,2024-05-05 07:35:00,Bengaluru,COD,delivered,452.0,103.0
ORD-100894,CUST-1051,2024-04-19 23:09:00,Mumbai,UPI,delivered,313.5,16.5
ORD-100895,CUST-1046,2024-05-24 15:08:00,Mumbai,Card,returned,254.25,30.75
ORD-100896,CUST-1133,2024-06-08 23:20:00,Mumbai,COD,cancelled,286.75,68.25
ORD-100897,CUST-1065,2024-06-11 18:03:00,Delhi,Card,delivered,649.0,71.0
ORD-100899,CUST-1025,2024-05-28 23:21:00,Bengaluru,COD,delivered,911.8,144.2
ORD-100900,CUST-1144,2024-06-11 08:22:00,Mumbai,UPI,delivered,897.2,35.8
ORD-100901,CUST-1090,2024-06-26 19:12:00,Mumbai,Card,delivered,522.75,52.25
ORD-100902,CUST-1167,2024-06-08 05:49:00,Delhi,COD,delivered,1429.7,225.3
ORD-100903,CUST-1173,2024-06-05 15:49:00,Delhi,UPI,delivered,307.5,22.5
ORD-100904,CUST-1098,2024-06-18 09:29:00,Bengaluru,UPI,delivered,267.0,33.0
ORD-100905,CUST-1043,2024-06-21 10:26:00,Delhi,Card,delivered,252.0,8.0
ORD-100906,CUST-1104,2024-04-10 02:10:00,Mumbai,COD,delivered,270.0,30.0
ORD-100907,CUST-1082,2024-06-23 09:45:00,Bengaluru,Card,delivered,100.0,0.0
ORD-100908,CUST-1102,2024-05-05 14:49:00,Bengaluru,COD,returned,302.4,75.6
ORD-100909,CUST-1192,2024-06-15 16:28:00,Mumbai,UPI,delivered,396.3,41.7
ORD-100910,CUST-1006,2024-04-17 23:15:00,Delhi,Card,delivered,135.0,20.0
ORD-100911,CUST-1180,2024-04-11 06:10:00,Mumbai,UPI,delivered,285.4,25.6
ORD-100912,CUST-1017,2024-05-31 17:03:00,Bengaluru,COD,delivered,505.75,14.25
ORD-100913,CUST-1135,2024-04-11 03:16:00,Bengaluru,UPI,delivered,220.0,55.0
ORD-100914,CUST-1168,2024-05-20 09:14:00,Delhi,COD,delivered,244.0,61.0
ORD-100915,CUST-1114,2024-06-20 04:08:00,Delhi,UPI,delivered,505.0,60.0
ORD-100916,CUST-1008,2024-04-05 21:22:00,Bengaluru,COD,returned,2367.4,288.6
ORD-100917,CUST-1122,2024-05-30 17:59:00,Mumbai,COD,delivered,1336.25,24.75
ORD-100918,CUST-1035,2024-06-29 17:11:00,Bengaluru,COD,delivered,213.75,11.25
ORD-100919,CUST-1162,2024-06-21 18:27:00,Mumbai,Card,delivered,1136.2,59.8
ORD-100920,CUST-1137,2024-05-10 11:30:00,Mumbai,UPI,delivered,222.0,18.0
ORD-100921,CUST-1114,2024-05-10 11:26:00,Delhi,COD,delivered,268.75,26.25
ORD-100922,CUST-1003,2024-04-01 16:52:00,Bengaluru,UPI,cancelled,804.3,123.7
ORD-100923,CUST-1089,2024-05-07 15:34:00,Bengaluru,COD,delivered,331.0,39.0
ORD-100924,CUST-1194,2024-06-01 09:00:00,Bengaluru,COD,cancelled,203.0,17.0
ORD-100925,CUST-1153,2024-04-30 00:35:00,Delhi,COD,delivered,931.25,33.75
ORD-100926,CUST-1144,2024-05-26 12:15:00,Mumbai,Card,delivered,640.0,0.0
ORD-100927,CUST-1166,2024-05-20 12:14:00,Bengaluru,COD,delivered,283.0,42.0
ORD-100928,CUST-1161,2024-05-01 16:48:00,Bengaluru,Card,cancelled,1656.0,146.0
ORD-100929,CUST-1178,2024-06-27 08:18:00,Mumbai,Card,delivered,346.0,54.0
ORD-100930,CUST-1069,2024-05-23 06:54:00,Delhi,UPI,delivered,818.1,159.9
ORD-100931,CUST-1075,2024-04-15 20:29:00,Mumbai,COD,delivered,662.0,33.0
ORD-100932,CUST-1180,2024-06-19 15:12:00,Mumbai,UPI,delivered,459.0,81.0
ORD-100933,CUST-1013,2024-06-08 00:11:00,Delhi,COD,returned,211.2,52.8
ORD-100934,CUST-1069,2024-04-17 22:28:00,Delhi,UPI,delivered,436.5,48.5
ORD-100935,CUST-1024,2024-04-20 00:31:00,Bengaluru,COD,delivered,549.0,61.0
ORD-100936,CUST-1080,2024-06-03 11:29:00,Delhi,UPI,delivered,478.25,56.75
ORD-100937,CUST-1085,2024-04-11 04:03:00,Mumbai,COD,delivered,512.0,128.0
ORD-100938,CUST-1019,2024-06-09 15:11:00,Delhi,COD,delivered,717.0,128.0
ORD-100939,CUST-1098,2024-04-02 03:49:00,Bengaluru,COD,delivered,592.0,58.0
ORD-100940,CUST-1198,2024-05-27 07:47:00,Bengaluru,UPI,returned,99.0,0.0
ORD-100941,CUST-1118,2024-04-13 16:42:00,Delhi,COD,returned,824.5,145.5
ORD-100942,CUST-1100,2024-06-27 09:59:00,Bengaluru,Card,delivered,1392.0,168.0
ORD-100943,CUST-1187,2024-04-06 23:59:00,Mumbai,UPI,delivered,1292.0,48.0
ORD-100944,CUST-1065,2024-06-01 20:19:00,Delhi,UPI,delivered,706.0,114.0
ORD-100945,CUST-1171,2024-04-28 03:15:00,Bengaluru,COD,delivered,734.0,101.0
ORD-100946,CUST-1004,2024-04-22 08:37:00,Bengaluru,UPI,delivered,648.2,59.8
ORD-100947,CUST-1003,2024-04-06 18:50:00,Bengaluru,Card,delivered,619.4,80.6
ORD-100948,CUST-1153,2024-04-20 11:49:00,Delhi,UPI,delivered,1334.6,26.4
ORD-100949,CUST-1128,2024-04-12 21:39:00,Delhi,Card,delivered,85.0,15.0
ORD-100950,CUST-1016,2024-04-08 11:41:00,Mumbai,Card,delivered,407.4,33.6
ORD-100951,CUST-1003,2024-04-14 04:31:00,Bengaluru,Card,delivered,128.35,22.65
ORD-100952,CUST-1002,2024-06-22 11:51:00,Mumbai,Card,returned,326.2,56.8
ORD-100953,CUST-1050,2024-04-03 22:24:00,Bengaluru,UPI,delivered,1076.0,14.0
ORD-100954,CUST-1065,2024-04-06 15:45:00,Delhi,COD,delivered,732.0,78.0
ORD-100955,CUST-1139,2024-06-29 15:12:00,Delhi,Card,delivered,156.0,24.0
ORD-100956,CUST-1090,2024-05-12 23:29:00,Mumbai,Card,delivered,420.75,74.25
ORD-100957,CUST-1142,2024-04-21 02:33:00,Bengaluru,COD,delivered,127.5,22.5
ORD-100958,CUST-1068,2024-06-09 11:29:00,Delhi,Card,delivered,80.75,4.25
ORD-100959,CUST-1130,2024-05-19 23:11:00,Delhi,Card,returned,174.2,24.8
ORD-100960,CUST-1094,2024-06-19 07:20:00,Bengaluru,Card,delivered,314.25,20.75
ORD-100961,CUST-1138,2024-05-20 06:33:00,Delhi,Card,delivered,325.05,37.95
ORD-100962,CUST-1040,2024-06-18 09:20:00,Bengaluru,COD,delivered,358.3,39.7
ORD-100963,CUST-1029,2024-04-13 16:42:00,Delhi,UPI,delivered,364.0,36.0
ORD-100964,CUST-1046,2024-04-05 06:06:00,Mumbai,UPI,delivered,941.75,163.25
ORD-100965,CUST-1009,2024-06-13 20:53:00,Mumbai,COD,delivered,691.2,172.8
ORD-100966,CUST-1135,2024-06-19 22:37:00,Bengaluru,COD,delivered,87.0,13.0
ORD-100967,CUST-1057,2024-06-17 22:04:00,Bengaluru,UPI,delivered,707.0,53.0
ORD-100968,CUST-1168,2024-06-02 02:29:00,Delhi,UPI,cancelled,120.5,24.5
ORD-100969,CUST-1093,2024-06-11 23:56:00,Delhi,COD,delivered,1491.7,199.3
ORD-100970,CUST-1004,2024-04-08 19:17:00,Bengaluru,Card,delivered,153.0,27.0
ORD-100971,CUST-1019,2024-05-09 02:13:00,Delhi,UPI,returned,448.2,37.8
ORD-100972,CUST-1026,2024-04-30 17:24:00,Bengaluru,Card,delivered,144.0,36.0
ORD-100973,CUST-1169,2024-05-02 18:40:00,Delhi,Card,returned,771.1,119.9
ORD-100974,CUST-1192,2024-06-11 13:47:00,Mumbai,Card,delivered,933.5,96.5
ORD-100975,CUST-1148,2024-05-16 21:29:00,Mumbai,COD,delivered,1276.0,64.0
ORD-100976,CUST-1027,2024-04-22 05:35:00,Mumbai,COD,delivered,304.5,25.5
ORD-100977,CUST-1169,2024-04-21 17:38:00,Delhi,COD,delivered,417.25,32.75
ORD-100978,CUST-1081,2024-06-10 10:54:00,Delhi,Card,delivered,381.5,88.5
ORD-100979,CUST-1111,2024-05-12 19:15:00,Bengaluru,UPI,delivered,467.5,82.5
ORD-100980,CUST-1097,2024-06-10 23:16:00,Delhi,COD,delivered,616.0,24.0
ORD-100981,CUST-1115,2024-05-21 00:46:00,Mumbai,COD,delivered,929.95,164.05
ORD-100982,CUST-1153,2024-04-03 16:08:00,Delhi,COD,returned,96.0,24.0
ORD-100983,CUST-1002,2024-05-09 07:13:00,Mumbai,UPI,returned,1367.3,29.7
ORD-100984,CUST-1198,2024-06-28 08:58:00,Bengaluru,Card,delivered,650.5,59.5
ORD-100985,CUST-1147,2024-06-13 04:06:00,Delhi,COD,delivered,671.0,69.0
ORD-100986,CUST-1040,2024-04-18 08:23:00,Bengaluru,UPI,returned,68.0,12.0
ORD-100987,CUST-1060,2024-05-03 09:05:00,Delhi,Card,delivered,374.2,59.8
ORD-100988,CUST-1056,2024-04-10 23:20:00,Bengaluru,UPI,cancelled,17.0,3.0
ORD-100989,CUST-1125,2024-06-28 22:36:00,Delhi,UPI,cancelled,1218.25,156.75
ORD-100990,CUST-1153,2024-06-22 09:02:00,Delhi,Card,delivered,204.0,36.0
ORD-100991,CUST-1098,2024-04-11 01:58:00,Bengaluru,COD,cancelled,204.0,36.0
ORD-100992,CUST-1112,2024-05-24 03:55:00,Bengaluru,Card,cancelled,170.0,30.0
ORD-100993,CUST-1168,2024-06-17 00:40:00,Delhi,COD,cancelled,417.0,63.0
ORD-100994,CUST-1014,2024-05-10 16:02:00,Bengaluru,Card,delivered,497.5,37.5
ORD-100995,CUST-1039,2024-05-12 16:44:00,Delhi,UPI,delivered,580.8,46.2
ORD-100996,CUST-1173,2024-05-21 14:48:00,Delhi,Card,delivered,841.35,102.65
ORD-100997,CUST-1024,2024-04-29 13:18:00,Bengaluru,UPI,cancelled,451.0,59.0
ORD-100998,CUST-1034,2024-05-14 02:30:00,Mumbai,UPI,delivered,524.0,41.0
ORD-100999,CUST-1141,2024-05-22 08:05:00,Bengaluru,COD,delivered,221.0,24.0
ORD-101000,CUST-1199,2024-06-29 04:48:00,Delhi,Card,delivered,1018.0,0.0
