order_id,customer_id,order_date,city,payment_mode,status
ORD-100001,CUST-1174,2024-05-22 23:10:00,Delhi,UPI,cancelled
ORD-100002,CUST-1160,2024-06-08 00:58:00,Mumbai,Card,delivered
ORD-100003,CUST-1170,2024-04-04 02:41:00,Delhi,COD,delivered
ORD-100004,CUST-1047,2024-04-07 08:24:00,Bengaluru,COD,delivered
ORD-100005,CUST-1084,2024-05-14 12:17:00,Delhi,COD,cancelled
ORD-100006,CUST-1065,2024-04-11 15:01:00,Delhi,UPI,delivered
ORD-100007,CUST-1090,2024-04-29 20:04:00,Mumbai,Card,cancelled
ORD-100008,CUST-1011,2024-04-04 07:12:00,Mumbai,Card,cancelled
ORD-100009,CUST-1040,2024-05-01 04:30:00,Bengaluru,Card,delivered
ORD-100010,CUST-1056,2024-05-30 22:16:00,Bengaluru,UPI,cancelled
ORD-100011,CUST-9999,2024-06-17 23:45:00,Delhi,UPI,delivered
ORD-100012,CUST-9999,2024-04-14 18:01:00,Delhi,Card,returned
ORD-100013,CUST-9999,2024-05-19 12:45:00,Delhi,Card,delivered
ORD-100014,CUST-9999,2024-06-20 07:06:00,Bengaluru,COD,delivered
ORD-100015,CUST-9999,2024-06-16 03:50:00,Bengaluru,UPI,returned
ORD-100016,CUST-9999,2024-06-08 13:42:00,Bengaluru,Card,delivered
ORD-100017,CUST-9999,2024-05-14 00:54:00,Bengaluru,COD,delivered
ORD-100018,CUST-9999,2024-05-26 11:40:00,Bengaluru,COD,returned
ORD-100019,CUST-9999,2024-04-20 13:11:00,Bengaluru,Card,delivered
ORD-100020,CUST-9999,2024-06-18 17:49:00,Bengaluru,COD,delivered
ORD-100021,,2024-06-15 08:20:00,Mumbai,UPI,returned
ORD-100022,,2024-05-28 07:48:00,Delhi,Card,delivered
ORD-100023,,2024-05-19 10:01:00,Bengaluru,COD,delivered
ORD-100024,,2024-06-02 06:22:00,Bengaluru,COD,cancelled
ORD-100025,,2024-06-16 22:56:00,Delhi,UPI,delivered
ORD-100026,,2024-04-25 02:15:00,Mumbai,COD,delivered
ORD-100027,,2024-05-01 22:30:00,Mumbai,COD,delivered
ORD-100028,,2024-04-03 02:18:00,Mumbai,Card,delivered
ORD-100029,,2024-05-10 21:37:00,Mumbai,Card,delivered
ORD-100030,,2024-05-15 13:47:00,Delhi,COD,delivered
ORD-100031,CUST-1180,2024-05-29 08:19:00,Kolkata,UPI,delivered
ORD-100032,CUST-1185,2024-04-25 10:07:00,Kolkata,Card,delivered
ORD-100033,CUST-1048,2024-04-25 06:47:00,Kolkata,Card,delivered
ORD-100034,CUST-1151,2024-06-07 19:18:00,Kolkata,UPI,returned
ORD-100035,CUST-1076,2024-04-30 11:11:00,Kolkata,Card,delivered
ORD-100036,CUST-1137,2024-04-17 08:02:00,Kolkata,Card,returned
ORD-100037,CUST-1075,2024-06-29 04:40:00,Kolkata,COD,returned
ORD-100038,CUST-1027,2024-04-02 18:18:00,Kolkata,COD,delivered
ORD-100039,CUST-1088,2024-04-24 01:16:00,Kolkata,COD,returned
ORD-100040,CUST-1030,2024-04-09 12:31:00,Kolkata,Card,delivered
ORD-100041,CUST-1176,2028-05-10 12:00:00,Bengaluru,COD,cancelled
ORD-100042,CUST-1022,invalid-date-format,Bengaluru,Card,cancelled
ORD-100043,CUST-1153,2024-06-19 07:49:00,Delhi,COD,delivered
ORD-100044,CUST-1114,2024-05-09 18:27:00,Delhi,Card,delivered
ORD-100045,CUST-1016,2024-06-18 23:06:00,Mumbai,UPI,returned
ORD-100046,CUST-1161,2024-04-28 08:42:00,Bengaluru,UPI,delivered
ORD-100047,CUST-1045,2024-06-10 02:10:00,Bengaluru,COD,delivered
ORD-100048,CUST-1177,2024-06-16 15:18:00,Bengaluru,COD,delivered
ORD-100049,CUST-1181,2024-05-07 22:55:00,Bengaluru,Card,delivered
ORD-100050,CUST-1060,2024-05-04 20:37:00,Delhi,UPI,delivered
ORD-100051,CUST-1109,2024-04-15 17:14:00,Mumbai,COD,delivered
ORD-100052,CUST-1037,2024-04-10 01:10:00,Mumbai,Card,cancelled
ORD-100053,CUST-1192,2024-06-12 09:28:00,Mumbai,Card,delivered
ORD-100054,CUST-1078,2024-06-29 12:17:00,Delhi,COD,delivered
ORD-100055,CUST-1113,2024-04-11 19:02:00,Delhi,Card,returned
ORD-100056,CUST-1083,2024-06-17 08:01:00,Bengaluru,Card,delivered
ORD-100057,CUST-1148,2024-06-15 00:48:00,Mumbai,COD,delivered
ORD-100058,CUST-1148,2024-04-06 05:30:00,Mumbai,COD,delivered
ORD-100059,CUST-1072,2024-04-24 18:27:00,Delhi,COD,delivered
ORD-100060,CUST-1024,2024-05-31 11:26:00,Bengaluru,Card,delivered
ORD-100061,CUST-1027,2024-04-21 10:26:00,Mumbai,COD,delivered
ORD-100062,CUST-1170,2024-05-22 17:02:00,Delhi,COD,delivered
ORD-100063,CUST-1065,2024-05-12 03:49:00,Delhi,Card,delivered
ORD-100064,CUST-1001,2024-06-24 17:29:00,Bengaluru,UPI,delivered
ORD-100065,CUST-1133,2024-05-17 19:48:00,Mumbai,COD,delivered
ORD-100066,CUST-1195,2024-04-07 06:17:00,Bengaluru,COD,delivered
ORD-100067,CUST-1113,2024-06-29 15:07:00,Delhi,Card,delivered
ORD-100068,CUST-1156,2024-05-01 22:10:00,Delhi,UPI,delivered
ORD-100069,CUST-1142,2024-05-23 02:14:00,Bengaluru,UPI,returned
ORD-100070,CUST-1119,2024-04-16 20:53:00,Mumbai,Card,delivered
ORD-100071,CUST-1075,2024-06-05 22:17:00,Mumbai,COD,delivered
ORD-100072,CUST-1121,2024-05-02 14:35:00,Bengaluru,UPI,delivered
ORD-100073,CUST-1154,2024-06-05 23:56:00,Bengaluru,UPI,delivered
ORD-100074,CUST-1071,2024-05-24 10:59:00,Delhi,COD,cancelled
ORD-100075,CUST-1001,2024-05-07 23:19:00,Bengaluru,Card,cancelled
ORD-100076,CUST-1169,2024-06-02 04:28:00,Delhi,COD,delivered
ORD-100077,CUST-1086,2024-06-10 17:24:00,Delhi,COD,delivered
ORD-100078,CUST-1049,2024-06-29 07:36:00,Bengaluru,COD,delivered
ORD-100079,CUST-1012,2024-05-11 23:30:00,Mumbai,COD,delivered
ORD-100080,CUST-1099,2024-06-24 20:09:00,Delhi,UPI,delivered
ORD-100081,CUST-1033,2024-06-04 18:21:00,Mumbai,COD,returned
ORD-100082,CUST-1026,2024-06-07 14:00:00,Bengaluru,COD,delivered
ORD-100083,CUST-1168,2024-04-20 02:30:00,Delhi,COD,cancelled
ORD-100084,CUST-1087,2024-06-19 22:25:00,Mumbai,COD,delivered
ORD-100085,CUST-1173,2024-06-08 12:20:00,Delhi,COD,delivered
ORD-100086,CUST-1139,2024-04-05 19:04:00,Delhi,Card,delivered
ORD-100087,CUST-1074,2024-04-30 23:05:00,Mumbai,UPI,delivered
ORD-100088,CUST-1195,2024-06-21 22:55:00,Bengaluru,UPI,delivered
ORD-100089,CUST-1178,2024-05-09 00:02:00,Mumbai,UPI,delivered
ORD-100090,CUST-1076,2024-05-16 11:27:00,Bengaluru,Card,delivered
ORD-100091,CUST-1106,2024-06-12 21:50:00,Bengaluru,UPI,delivered
ORD-100092,CUST-1021,2024-06-18 12:39:00,Delhi,COD,delivered
ORD-100093,CUST-1150,2024-04-19 07:29:00,Bengaluru,COD,delivered
ORD-100094,CUST-1066,2024-06-25 00:57:00,Bengaluru,COD,cancelled
ORD-100095,CUST-1174,2024-06-09 05:04:00,Delhi,COD,delivered
ORD-100096,CUST-1151,2024-05-09 20:27:00,Mumbai,COD,delivered
ORD-100097,CUST-1078,2024-04-26 12:54:00,Delhi,UPI,delivered
ORD-100098,CUST-1098,2024-06-13 11:36:00,Bengaluru,Card,delivered
ORD-100099,CUST-1076,2024-04-03 21:25:00,Bengaluru,Card,delivered
ORD-100100,CUST-1176,2024-04-07 19:47:00,Bengaluru,COD,delivered
ORD-100101,CUST-1199,2024-04-30 19:51:00,Delhi,Card,delivered
ORD-100102,CUST-1049,2024-06-19 08:43:00,Bengaluru,Card,cancelled
ORD-100103,CUST-1175,2024-04-18 20:06:00,Delhi,Card,returned
ORD-100104,CUST-1011,2024-05-10 14:02:00,Mumbai,Card,delivered
ORD-100105,CUST-1034,2024-04-12 09:20:00,Mumbai,UPI,delivered
ORD-100106,CUST-1052,2024-04-17 17:56:00,Bengaluru,Card,returned
ORD-100107,CUST-1129,2024-05-05 05:16:00,Bengaluru,COD,returned
ORD-100108,CUST-1076,2024-05-14 03:29:00,Bengaluru,UPI,returned
ORD-100109,CUST-1194,2024-04-29 21:46:00,Bengaluru,COD,delivered
ORD-100110,CUST-1143,2024-05-17 02:50:00,Mumbai,COD,delivered
ORD-100111,CUST-1138,2024-04-16 14:23:00,Delhi,Card,delivered
ORD-100112,CUST-1068,2024-06-14 12:52:00,Delhi,COD,delivered
ORD-100113,CUST-1028,2024-06-26 07:30:00,Bengaluru,Card,delivered
ORD-100114,CUST-1084,2024-06-18 07:41:00,Delhi,COD,delivered
ORD-100115,CUST-1180,2024-05-09 20:26:00,Mumbai,UPI,delivered
ORD-100116,CUST-1010,2024-05-09 15:07:00,Delhi,Card,delivered
ORD-100117,CUST-1035,2024-05-20 14:23:00,Bengaluru,Card,delivered
ORD-100118,CUST-1179,2024-06-09 13:37:00,Bengaluru,UPI,delivered
ORD-100119,CUST-1107,2024-06-23 03:53:00,Delhi,COD,delivered
ORD-100120,CUST-1072,2024-04-05 22:23:00,Delhi,COD,delivered
ORD-100121,CUST-1061,2024-05-17 03:43:00,Bengaluru,Card,delivered
ORD-100122,CUST-1092,2024-04-08 12:17:00,Bengaluru,UPI,delivered
ORD-100123,CUST-1117,2024-04-12 21:13:00,Mumbai,Card,delivered
ORD-100124,CUST-1006,2024-04-07 10:15:00,Delhi,Card,returned
ORD-100125,CUST-1053,2024-04-09 17:13:00,Mumbai,UPI,delivered
ORD-100126,CUST-1085,2024-04-19 19:00:00,Mumbai,UPI,delivered
ORD-100127,CUST-1034,2024-06-09 08:51:00,Mumbai,Card,delivered
ORD-100128,CUST-1007,2024-04-17 00:22:00,Bengaluru,UPI,cancelled
ORD-100129,CUST-1151,2024-05-12 00:11:00,Mumbai,UPI,delivered
ORD-100130,CUST-1190,2024-05-24 16:07:00,Delhi,COD,delivered
ORD-100131,CUST-1115,2024-05-17 16:37:00,Mumbai,Card,delivered
ORD-100132,CUST-1057,2024-06-18 01:46:00,Bengaluru,Card,cancelled
ORD-100133,CUST-1134,2024-05-09 14:41:00,Delhi,UPI,returned
ORD-100134,CUST-1123,2024-05-22 13:43:00,Delhi,Card,delivered
ORD-100135,CUST-1114,2024-04-10 02:20:00,Delhi,UPI,delivered
ORD-100136,CUST-1033,2024-05-06 19:40:00,Mumbai,Card,delivered
ORD-100137,CUST-1084,2024-05-19 19:33:00,Delhi,Card,delivered
ORD-100138,CUST-1155,2024-05-26 03:50:00,Bengaluru,Card,delivered
ORD-100139,CUST-1167,2024-06-10 23:55:00,Delhi,COD,delivered
ORD-100140,CUST-1059,2024-05-23 10:52:00,Bengaluru,COD,delivered
ORD-100141,CUST-1187,2024-04-13 10:27:00,Mumbai,COD,delivered
ORD-100142,CUST-1096,2024-04-20 21:59:00,Delhi,UPI,delivered
ORD-100143,CUST-1022,2024-04-12 13:06:00,Bengaluru,COD,delivered
ORD-100144,CUST-1034,2024-06-11 01:37:00,Mumbai,Card,returned
ORD-100145,CUST-1085,2024-06-25 03:26:00,Mumbai,Card,delivered
ORD-100146,CUST-1193,2024-05-25 23:03:00,Mumbai,Card,returned
ORD-100147,CUST-1080,2024-05-16 03:36:00,Delhi,UPI,delivered
ORD-100148,CUST-1169,2024-06-01 07:54:00,Delhi,Card,delivered
ORD-100149,CUST-1095,2024-04-15 08:36:00,Bengaluru,COD,delivered
ORD-100150,CUST-1144,2024-06-19 19:43:00,Mumbai,UPI,delivered
ORD-100151,CUST-1156,2024-06-24 22:17:00,Delhi,COD,delivered
ORD-100152,CUST-1180,2024-05-10 10:22:00,Mumbai,UPI,delivered
ORD-100153,CUST-1145,2024-06-24 12:04:00,Mumbai,Card,delivered
ORD-100154,CUST-1008,2024-04-12 23:33:00,Bengaluru,COD,delivered
ORD-100155,CUST-1117,2024-05-14 05:23:00,Mumbai,COD,delivered
ORD-100156,CUST-1199,2024-06-12 19:05:00,Delhi,UPI,returned
ORD-100157,CUST-1041,2024-06-19 01:43:00,Mumbai,COD,delivered
ORD-100158,CUST-1170,2024-05-25 15:38:00,Delhi,COD,delivered
ORD-100159,CUST-1056,2024-06-05 03:22:00,Bengaluru,COD,delivered
ORD-100160,CUST-1174,2024-06-26 18:31:00,Delhi,COD,delivered
ORD-100161,CUST-1012,2024-04-29 12:38:00,Mumbai,UPI,delivered
ORD-100162,CUST-1078,2024-04-28 04:48:00,Delhi,COD,delivered
ORD-100163,CUST-1031,2024-04-01 15:47:00,Delhi,UPI,delivered
ORD-100164,CUST-1098,2024-06-08 22:14:00,Bengaluru,Card,delivered
ORD-100165,CUST-1091,2024-04-10 12:55:00,Delhi,COD,delivered
ORD-100166,CUST-1005,2024-05-29 02:55:00,Delhi,COD,delivered
ORD-100167,CUST-1147,2024-05-22 22:40:00,Delhi,UPI,delivered
ORD-100168,CUST-1104,2024-04-03 10:10:00,Mumbai,Card,cancelled
ORD-100169,CUST-1118,2024-06-28 11:05:00,Delhi,UPI,delivered
ORD-100170,CUST-1063,2024-05-26 18:25:00,Mumbai,COD,delivered
ORD-100171,CUST-1080,2024-05-14 07:21:00,Delhi,UPI,cancelled
ORD-100172,CUST-1131,2024-06-21 03:33:00,Delhi,COD,delivered
ORD-100173,CUST-1090,2024-06-22 04:15:00,Mumbai,COD,delivered
ORD-100174,CUST-1051,2024-04-23 19:09:00,Mumbai,Card,cancelled
ORD-100175,CUST-1020,2024-04-23 20:31:00,Mumbai,Card,delivered
ORD-100176,CUST-1195,2024-06-14 14:43:00,Bengaluru,Card,returned
ORD-100177,CUST-1165,2024-06-21 19:20:00,Mumbai,Card,returned
ORD-100178,CUST-1081,2024-04-20 14:04:00,Delhi,Card,delivered
ORD-100179,CUST-1078,2024-05-06 18:03:00,Delhi,UPI,delivered
ORD-100180,CUST-1080,2024-05-30 14:02:00,Delhi,COD,delivered
ORD-100181,CUST-1020,2024-06-22 02:39:00,Mumbai,COD,delivered
ORD-100182,CUST-1119,2024-06-14 17:50:00,Mumbai,UPI,delivered
ORD-100183,CUST-1116,2024-06-13 20:12:00,Mumbai,COD,delivered
ORD-100184,CUST-1129,2024-04-20 01:28:00,Bengaluru,COD,delivered
ORD-100185,CUST-1183,2024-04-11 16:41:00,Mumbai,UPI,delivered
ORD-100186,CUST-1182,2024-05-27 14:33:00,Bengaluru,UPI,delivered
ORD-100187,CUST-1094,2024-05-18 09:24:00,Bengaluru,COD,delivered
ORD-100188,CUST-1174,2024-06-16 01:50:00,Delhi,COD,delivered
ORD-100189,CUST-1017,2024-05-13 03:35:00,Bengaluru,COD,delivered
ORD-100190,CUST-1065,2024-06-24 19:55:00,Delhi,UPI,delivered
ORD-100191,CUST-1150,2024-06-24 04:58:00,Bengaluru,Card,delivered
ORD-100192,CUST-1179,2024-06-24 12:08:00,Bengaluru,UPI,delivered
ORD-100193,CUST-1080,2024-06-11 12:41:00,Delhi,UPI,cancelled
ORD-100194,CUST-1172,2024-06-29 23:43:00,Bengaluru,UPI,returned
ORD-100195,CUST-1166,2024-06-25 13:32:00,Bengaluru,COD,delivered
ORD-100196,CUST-1080,2024-04-24 06:21:00,Delhi,COD,returned
ORD-100197,CUST-1050,2024-04-29 04:09:00,Bengaluru,UPI,delivered
ORD-100198,CUST-1130,2024-06-09 23:56:00,Delhi,Card,delivered
ORD-100199,CUST-1087,2024-06-19 04:38:00,Mumbai,UPI,delivered
ORD-100200,CUST-1047,2024-06-28 19:51:00,Bengaluru,Card,returned
ORD-100201,CUST-1113,2024-04-06 13:23:00,Delhi,UPI,delivered
ORD-100202,CUST-1114,2024-06-18 09:48:00,Delhi,COD,delivered
ORD-100203,CUST-1060,2024-06-08 07:19:00,Delhi,COD,returned
ORD-100204,CUST-1050,2024-05-18 21:36:00,Bengaluru,COD,returned
ORD-100205,CUST-1197,2024-05-07 12:32:00,Mumbai,UPI,delivered
ORD-100206,CUST-1052,2024-06-17 04:55:00,Bengaluru,Card,delivered
ORD-100207,CUST-1124,2024-05-18 17:59:00,Delhi,Card,delivered
ORD-100208,CUST-1032,2024-05-07 02:48:00,Mumbai,COD,delivered
ORD-100209,CUST-1132,2024-04-19 13:05:00,Bengaluru,UPI,returned
ORD-100210,CUST-1116,2024-05-15 00:26:00,Mumbai,Card,delivered
ORD-100211,CUST-1096,2024-05-01 12:05:00,Delhi,UPI,delivered
ORD-100212,CUST-1082,2024-04-13 22:41:00,Bengaluru,UPI,delivered
ORD-100213,CUST-1036,2024-04-05 09:58:00,Bengaluru,Card,cancelled
ORD-100214,CUST-1036,2024-05-31 14:39:00,Bengaluru,UPI,delivered
ORD-100215,CUST-1005,2024-05-03 06:53:00,Delhi,Card,delivered
ORD-100216,CUST-1156,2024-06-07 13:07:00,Delhi,UPI,cancelled
ORD-100217,CUST-1078,2024-04-16 01:15:00,Delhi,Card,delivered
ORD-100218,CUST-1118,2024-04-09 03:53:00,Delhi,Card,returned
ORD-100219,CUST-1138,2024-04-03 20:32:00,Delhi,Card,delivered
ORD-100220,CUST-1037,2024-05-08 13:00:00,Mumbai,UPI,delivered
ORD-100221,CUST-1147,2024-05-24 05:42:00,Delhi,Card,delivered
ORD-100222,CUST-1093,2024-04-09 16:34:00,Delhi,Card,delivered
ORD-100223,CUST-1142,2024-04-03 12:55:00,Bengaluru,Card,delivered
ORD-100224,CUST-1100,2024-05-18 08:47:00,Bengaluru,UPI,delivered
ORD-100225,CUST-1089,2024-05-01 23:42:00,Bengaluru,Card,delivered
ORD-100226,CUST-1189,2024-05-13 04:02:00,Delhi,COD,delivered
ORD-100227,CUST-1165,2024-04-23 21:29:00,Mumbai,COD,returned
ORD-100228,CUST-1162,2024-04-24 04:04:00,Mumbai,COD,delivered
ORD-100229,CUST-1010,2024-05-08 06:02:00,Delhi,UPI,cancelled
ORD-100230,CUST-1081,2024-05-10 16:25:00,Delhi,Card,returned
ORD-100231,CUST-1122,2024-05-03 01:48:00,Mumbai,COD,delivered
ORD-100232,CUST-1092,2024-04-07 20:21:00,Bengaluru,COD,delivered
ORD-100233,CUST-1112,2024-05-22 23:28:00,Bengaluru,COD,returned
ORD-100234,CUST-1087,2024-04-24 15:44:00,Mumbai,Card,delivered
ORD-100235,CUST-1069,2024-04-11 23:27:00,Delhi,Card,delivered
ORD-100236,CUST-1047,2024-06-09 09:20:00,Bengaluru,COD,delivered
ORD-100237,CUST-1170,2024-05-08 09:28:00,Delhi,COD,delivered
ORD-100238,CUST-1043,2024-06-28 14:22:00,Delhi,Card,delivered
ORD-100239,CUST-1091,2024-06-18 13:17:00,Delhi,UPI,delivered
ORD-100240,CUST-1020,2024-06-25 20:25:00,Mumbai,Card,delivered
ORD-100241,CUST-1174,2024-04-21 00:09:00,Delhi,Card,cancelled
ORD-100242,CUST-1001,2024-05-27 01:08:00,Bengaluru,Card,delivered
ORD-100243,CUST-1094,2024-05-17 12:36:00,Bengaluru,UPI,delivered
ORD-100244,CUST-1174,2024-05-28 11:23:00,Delhi,UPI,delivered
ORD-100245,CUST-1147,2024-04-18 16:23:00,Delhi,Card,delivered
ORD-100246,CUST-1072,2024-05-02 03:01:00,Delhi,COD,delivered
ORD-100247,CUST-1133,2024-05-20 17:07:00,Mumbai,COD,delivered
ORD-100248,CUST-1181,2024-05-28 06:39:00,Bengaluru,COD,delivered
ORD-100249,CUST-1052,2024-04-16 04:54:00,Bengaluru,UPI,delivered
ORD-100250,CUST-1183,2024-05-27 02:51:00,Mumbai,COD,delivered
ORD-100251,CUST-1171,2024-05-15 22:04:00,Bengaluru,COD,delivered
ORD-100252,CUST-1077,2024-04-21 22:45:00,Bengaluru,Card,returned
ORD-100253,CUST-1045,2024-05-17 16:14:00,Bengaluru,UPI,delivered
ORD-100254,CUST-1003,2024-04-18 07:50:00,Bengaluru,COD,delivered
ORD-100255,CUST-1142,2024-06-13 11:29:00,Bengaluru,Card,cancelled
ORD-100256,CUST-1034,2024-06-18 02:04:00,Mumbai,Card,delivered
ORD-100257,CUST-1185,2024-06-01 16:26:00,Bengaluru,Card,cancelled
ORD-100258,CUST-1019,2024-04-17 10:41:00,Delhi,COD,delivered
ORD-100259,CUST-1175,2024-06-06 11:08:00,Delhi,Card,returned
ORD-100260,CUST-1164,2024-06-15 05:49:00,Bengaluru,COD,returned
ORD-100261,CUST-1129,2024-04-08 03:33:00,Bengaluru,UPI,delivered
ORD-100262,CUST-1042,2024-05-12 22:14:00,Bengaluru,Card,delivered
ORD-100263,CUST-1073,2024-04-11 08:12:00,Delhi,Card,delivered
ORD-100264,CUST-1071,2024-04-17 20:19:00,Delhi,UPI,delivered
ORD-100265,CUST-1129,2024-06-22 05:37:00,Bengaluru,UPI,returned
ORD-100266,CUST-1044,2024-06-24 19:46:00,Bengaluru,COD,returned
ORD-100267,CUST-1145,2024-04-06 00:05:00,Mumbai,Card,delivered
ORD-100268,CUST-1198,2024-06-13 08:41:00,Bengaluru,Card,delivered
ORD-100269,CUST-1107,2024-06-19 20:01:00,Delhi,Card,delivered
ORD-100270,CUST-1140,2024-05-08 20:19:00,Delhi,Card,delivered
ORD-100271,CUST-1104,2024-05-09 14:04:00,Mumbai,UPI,delivered
ORD-100272,CUST-1113,2024-05-24 15:29:00,Delhi,Card,delivered
ORD-100273,CUST-1037,2024-05-11 22:20:00,Mumbai,COD,delivered
ORD-100274,CUST-1103,2024-04-17 11:32:00,Mumbai,COD,delivered
ORD-100275,CUST-1062,2024-05-30 03:17:00,Mumbai,UPI,delivered
ORD-100276,CUST-1025,2024-04-07 09:24:00,Bengaluru,COD,returned
ORD-100277,CUST-1064,2024-04-21 10:59:00,Delhi,COD,delivered
ORD-100278,CUST-1049,2024-04-21 15:32:00,Bengaluru,COD,delivered
ORD-100279,CUST-1128,2024-04-03 02:25:00,Delhi,UPI,delivered
ORD-100280,CUST-1056,2024-06-14 11:03:00,Bengaluru,COD,delivered
ORD-100281,CUST-1153,2024-06-23 21:30:00,Delhi,UPI,delivered
ORD-100282,CUST-1028,2024-05-26 04:56:00,Bengaluru,COD,delivered
ORD-100283,CUST-1196,2024-05-22 11:02:00,Mumbai,Card,delivered
ORD-100284,CUST-1144,2024-04-25 11:35:00,Mumbai,COD,delivered
ORD-100285,CUST-1130,2024-05-28 17:17:00,Delhi,Card,cancelled
ORD-100286,CUST-1175,2024-06-18 03:08:00,Delhi,COD,returned
ORD-100287,CUST-1096,2024-05-14 17:23:00,Delhi,UPI,cancelled
ORD-100288,CUST-1155,2024-06-05 12:32:00,Bengaluru,UPI,delivered
ORD-100289,CUST-1036,2024-05-13 15:33:00,Bengaluru,Card,delivered
ORD-100290,CUST-1132,2024-04-18 10:59:00,Bengaluru,UPI,delivered
ORD-100291,CUST-1101,2024-06-18 23:53:00,Mumbai,COD,delivered
ORD-100292,CUST-1130,2024-06-05 17:31:00,Delhi,COD,delivered
ORD-100293,CUST-1122,2024-04-03 11:21:00,Mumbai,COD,delivered
ORD-100294,CUST-1150,2024-05-10 23:55:00,Bengaluru,UPI,delivered
ORD-100295,CUST-1153,2024-05-31 08:41:00,Delhi,Card,cancelled
ORD-100296,CUST-1148,2024-04-30 23:03:00,Mumbai,UPI,delivered
ORD-100297,CUST-1135,2024-06-20 23:39:00,Bengaluru,COD,cancelled
ORD-100298,CUST-1038,2024-06-27 07:02:00,Mumbai,Card,delivered
ORD-100299,CUST-1029,2024-04-25 00:28:00,Delhi,UPI,delivered
ORD-100300,CUST-1106,2024-06-28 06:26:00,Bengaluru,Card,delivered
ORD-100301,CUST-1121,2024-04-08 22:08:00,Bengaluru,Card,delivered
ORD-100302,CUST-1084,2024-06-24 15:33:00,Delhi,UPI,delivered
ORD-100303,CUST-1118,2024-06-08 10:34:00,Delhi,Card,delivered
ORD-100304,CUST-1175,2024-06-22 22:16:00,Delhi,UPI,delivered
ORD-100305,CUST-1064,2024-05-06 17:19:00,Delhi,COD,delivered
ORD-100306,CUST-1198,2024-05-07 22:13:00,Bengaluru,COD,delivered
ORD-100307,CUST-1082,2024-06-01 11:35:00,Bengaluru,Card,returned
ORD-100308,CUST-1071,2024-05-07 03:36:00,Delhi,COD,delivered
ORD-100309,CUST-1102,2024-05-15 04:18:00,Bengaluru,Card,delivered
ORD-100310,CUST-1021,2024-05-15 14:41:00,Delhi,COD,delivered
ORD-100311,CUST-1055,2024-04-26 17:17:00,Delhi,Card,returned
ORD-100312,CUST-1070,2024-04-18 03:39:00,Bengaluru,UPI,delivered
ORD-100313,CUST-1063,2024-04-07 21:57:00,Mumbai,Card,delivered
ORD-100314,CUST-1060,2024-04-07 03:26:00,Delhi,COD,delivered
ORD-100315,CUST-1026,2024-06-27 04:00:00,Bengaluru,UPI,returned
ORD-100316,CUST-1105,2024-06-23 15:30:00,Delhi,COD,delivered
ORD-100317,CUST-1083,2024-05-07 20:03:00,Bengaluru,UPI,returned
ORD-100318,CUST-1167,2024-06-13 07:34:00,Delhi,UPI,delivered
ORD-100319,CUST-1045,2024-05-24 05:59:00,Bengaluru,COD,returned
ORD-100320,CUST-1002,2024-06-03 05:59:00,Mumbai,COD,delivered
ORD-100321,CUST-1010,2024-04-02 09:36:00,Delhi,COD,delivered
ORD-100322,CUST-1073,2024-05-29 20:34:00,Delhi,UPI,delivered
ORD-100323,CUST-1130,2024-05-30 08:12:00,Delhi,COD,cancelled
ORD-100324,CUST-1042,2024-05-29 20:16:00,Bengaluru,UPI,delivered
ORD-100325,CUST-1189,2024-05-14 09:36:00,Delhi,UPI,delivered
ORD-100326,CUST-1045,2024-06-18 20:57:00,Bengaluru,COD,delivered
ORD-100327,CUST-1132,2024-05-12 02:25:00,Bengaluru,UPI,delivered
ORD-100328,CUST-1036,2024-06-01 10:59:00,Bengaluru,COD,delivered
ORD-100329,CUST-1099,2024-05-01 14:48:00,Delhi,COD,delivered
ORD-100330,CUST-1078,2024-06-14 23:36:00,Delhi,Card,delivered
ORD-100331,CUST-1093,2024-06-28 07:03:00,Delhi,COD,delivered
ORD-100332,CUST-1079,2024-04-21 12:43:00,Bengaluru,Card,delivered
ORD-100333,CUST-1198,2024-05-10 22:07:00,Bengaluru,COD,delivered
ORD-100334,CUST-1095,2024-06-18 07:14:00,Bengaluru,COD,returned
ORD-100335,CUST-1040,2024-05-29 23:38:00,Bengaluru,Card,delivered
ORD-100336,CUST-1141,2024-05-31 17:51:00,Bengaluru,UPI,delivered
ORD-100337,CUST-1196,2024-05-02 21:48:00,Mumbai,UPI,delivered
ORD-100338,CUST-1135,2024-05-28 16:45:00,Bengaluru,Card,delivered
ORD-100339,CUST-1029,2024-04-08 17:57:00,Delhi,Card,delivered
ORD-100340,CUST-1138,2024-04-20 05:20:00,Delhi,COD,returned
ORD-100341,CUST-1030,2024-06-27 06:45:00,Mumbai,UPI,delivered
ORD-100342,CUST-1131,2024-05-28 01:29:00,Delhi,COD,delivered
ORD-100343,CUST-1117,2024-06-12 01:35:00,Mumbai,COD,delivered
ORD-100344,CUST-1186,2024-04-03 12:16:00,Mumbai,Card,cancelled
ORD-100345,CUST-1056,2024-06-14 02:02:00,Bengaluru,Card,delivered
ORD-100346,CUST-1017,2024-06-09 01:59:00,Bengaluru,COD,returned
ORD-100347,CUST-1009,2024-05-07 13:11:00,Mumbai,Card,cancelled
ORD-100348,CUST-1187,2024-06-22 13:23:00,Mumbai,COD,returned
ORD-100349,CUST-1115,2024-05-19 12:05:00,Mumbai,Card,delivered
ORD-100350,CUST-1139,2024-04-18 20:55:00,Delhi,UPI,delivered
ORD-100351,CUST-1138,2024-05-21 16:08:00,Delhi,UPI,delivered
ORD-100352,CUST-1001,2024-04-03 09:29:00,Bengaluru,Card,delivered
ORD-100353,CUST-1109,2024-06-08 12:52:00,Mumbai,COD,delivered
ORD-100354,CUST-1089,2024-04-20 08:12:00,Bengaluru,Card,returned
ORD-100355,CUST-1196,2024-04-15 01:51:00,Mumbai,Card,delivered
ORD-100356,CUST-1197,2024-04-03 07:13:00,Mumbai,Card,delivered
ORD-100357,CUST-1009,2024-05-28 19:43:00,Mumbai,UPI,delivered
ORD-100358,CUST-1063,2024-04-06 12:28:00,Mumbai,UPI,delivered
ORD-100359,CUST-1194,2024-04-08 04:32:00,Bengaluru,UPI,returned
ORD-100360,CUST-1188,2024-06-13 10:36:00,Mumbai,Card,delivered
ORD-100361,CUST-1083,2024-05-01 09:56:00,Bengaluru,Card,delivered
ORD-100362,CUST-1134,2024-04-29 13:19:00,Delhi,Card,delivered
ORD-100363,CUST-1152,2024-04-23 20:43:00,Mumbai,COD,delivered
ORD-100364,CUST-1013,2024-05-15 20:42:00,Delhi,Card,delivered
ORD-100365,CUST-1082,2024-06-29 13:26:00,Bengaluru,COD,delivered
ORD-100366,CUST-1048,2024-06-08 15:15:00,Delhi,COD,cancelled
ORD-100367,CUST-1182,2024-04-19 14:58:00,Bengaluru,COD,delivered
ORD-100368,CUST-1107,2024-06-11 16:08:00,Delhi,COD,delivered
ORD-100369,CUST-1053,2024-05-13 20:05:00,Mumbai,COD,returned
ORD-100370,CUST-1024,2024-06-08 23:53:00,Bengaluru,COD,delivered
ORD-100371,CUST-1097,2024-06-26 19:38:00,Delhi,UPI,delivered
ORD-100372,CUST-1049,2024-06-15 23:42:00,Bengaluru,COD,delivered
ORD-100373,CUST-1054,2024-05-13 09:58:00,Mumbai,UPI,delivered
ORD-100374,CUST-1190,2024-04-16 23:48:00,Delhi,UPI,delivered
ORD-100375,CUST-1179,2024-06-17 22:13:00,Bengaluru,UPI,delivered
ORD-100376,CUST-1142,2024-05-12 09:24:00,Bengaluru,Card,delivered
ORD-100377,CUST-1092,2024-05-10 08:23:00,Bengaluru,COD,delivered
ORD-100378,CUST-1120,2024-04-13 23:30:00,Delhi,COD,cancelled
ORD-100379,CUST-1053,2024-05-18 10:26:00,Mumbai,UPI,delivered
ORD-100380,CUST-1190,2024-04-19 00:16:00,Delhi,Card,delivered
ORD-100381,CUST-1149,2024-05-24 09:09:00,Delhi,UPI,delivered
ORD-100382,CUST-1098,2024-06-12 07:31:00,Bengaluru,Card,delivered
ORD-100383,CUST-1087,2024-05-03 15:46:00,Mumbai,COD,delivered
ORD-100384,CUST-1118,2024-04-22 23:50:00,Delhi,UPI,delivered
ORD-100385,CUST-1185,2024-06-09 15:11:00,Bengaluru,Card,returned
ORD-100386,CUST-1165,2024-04-08 16:02:00,Mumbai,UPI,cancelled
ORD-100387,CUST-1172,2024-04-07 00:26:00,Bengaluru,Card,delivered
ORD-100388,CUST-1060,2024-04-09 22:09:00,Delhi,Card,delivered
ORD-100389,CUST-1117,2024-05-18 01:39:00,Mumbai,Card,delivered
ORD-100390,CUST-1124,2024-06-24 15:01:00,Delhi,Card,delivered
ORD-100391,CUST-1106,2024-04-02 00:33:00,Bengaluru,Card,delivered
ORD-100392,CUST-1074,2024-04-03 16:52:00,Mumbai,COD,delivered
ORD-100393,CUST-1046,2024-04-14 03:33:00,Mumbai,UPI,delivered
ORD-100394,CUST-1159,2024-06-07 08:52:00,Mumbai,COD,delivered
ORD-100395,CUST-1021,2024-05-18 12:29:00,Delhi,Card,delivered
ORD-100396,CUST-1058,2024-05-09 21:52:00,Mumbai,Card,cancelled
ORD-100397,CUST-1167,2024-04-05 02:25:00,Delhi,Card,delivered
ORD-100398,CUST-1122,2024-04-08 20:00:00,Mumbai,UPI,delivered
ORD-100399,CUST-1128,2024-05-26 20:50:00,Delhi,UPI,delivered
ORD-100400,CUST-1136,2024-04-06 07:13:00,Delhi,Card,returned
ORD-100401,CUST-1146,2024-05-31 08:02:00,Mumbai,Card,returned
ORD-100402,CUST-1072,2024-06-09 18:42:00,Delhi,COD,delivered
ORD-100403,CUST-1005,2024-04-27 18:09:00,Delhi,Card,cancelled
ORD-100404,CUST-1102,2024-04-10 09:10:00,Bengaluru,Card,delivered
ORD-100405,CUST-1100,2024-06-26 17:21:00,Bengaluru,Card,delivered
ORD-100406,CUST-1036,2024-06-28 23:05:00,Bengaluru,COD,delivered
ORD-100407,CUST-1014,2024-04-13 13:14:00,Bengaluru,COD,cancelled
ORD-100408,CUST-1155,2024-06-18 19:25:00,Bengaluru,COD,returned
ORD-100409,CUST-1008,2024-06-21 08:50:00,Bengaluru,COD,returned
ORD-100410,CUST-1059,2024-05-16 17:24:00,Bengaluru,Card,delivered
ORD-100411,CUST-1150,2024-06-24 12:05:00,Bengaluru,COD,cancelled
ORD-100412,CUST-1005,2024-05-02 22:04:00,Delhi,UPI,delivered
ORD-100413,CUST-1098,2024-06-21 04:47:00,Bengaluru,COD,delivered
ORD-100414,CUST-1028,2024-04-12 00:19:00,Bengaluru,COD,delivered
ORD-100415,CUST-1027,2024-04-17 02:11:00,Mumbai,Card,delivered
ORD-100416,CUST-1143,2024-06-05 13:06:00,Mumbai,COD,delivered
ORD-100417,CUST-1142,2024-04-12 19:38:00,Bengaluru,COD,cancelled
ORD-100418,CUST-1004,2024-05-08 13:24:00,Bengaluru,Card,cancelled
ORD-100419,CUST-1144,2024-05-02 18:33:00,Mumbai,COD,delivered
ORD-100420,CUST-1044,2024-04-18 08:19:00,Bengaluru,UPI,delivered
ORD-100421,CUST-1017,2024-04-22 13:17:00,Bengaluru,COD,delivered
ORD-100422,CUST-1001,2024-04-10 11:16:00,Bengaluru,Card,returned
ORD-100423,CUST-1161,2024-06-03 19:39:00,Bengaluru,UPI,delivered
ORD-100424,CUST-1035,2024-05-09 00:25:00,Bengaluru,Card,delivered
ORD-100425,CUST-1098,2024-05-13 14:21:00,Bengaluru,Card,delivered
ORD-100426,CUST-1153,2024-04-18 09:20:00,Delhi,Card,delivered
ORD-100427,CUST-1052,2024-06-01 10:11:00,Bengaluru,COD,returned
ORD-100428,CUST-1075,2024-06-28 20:31:00,Mumbai,UPI,returned
ORD-100429,CUST-1084,2024-05-19 08:52:00,Delhi,COD,cancelled
ORD-100430,CUST-1030,2024-06-12 06:37:00,Mumbai,UPI,returned
ORD-100431,CUST-1175,2024-06-10 00:46:00,Delhi,Card,delivered
ORD-100432,CUST-1054,2024-05-27 09:53:00,Mumbai,COD,delivered
ORD-100433,CUST-1173,2024-06-03 04:40:00,Delhi,COD,delivered
ORD-100434,CUST-1169,2024-04-20 22:27:00,Delhi,UPI,cancelled
ORD-100435,CUST-1115,2024-06-16 15:37:00,Mumbai,Card,delivered
ORD-100436,CUST-1178,2024-05-24 17:02:00,Mumbai,COD,cancelled
ORD-100437,CUST-1180,2024-06-08 19:40:00,Mumbai,UPI,returned
ORD-100438,CUST-1197,2024-05-02 21:42:00,Mumbai,Card,delivered
ORD-100439,CUST-1157,2024-04-06 18:41:00,Mumbai,COD,delivered
ORD-100440,CUST-1193,2024-05-13 13:06:00,Mumbai,COD,delivered
ORD-100441,CUST-1057,2024-06-05 23:33:00,Bengaluru,Card,delivered
ORD-100442,CUST-1148,2024-04-29 14:23:00,Mumbai,Card,delivered
ORD-100443,CUST-1151,2024-06-28 16:09:00,Mumbai,UPI,delivered
ORD-100444,CUST-1124,2024-04-14 09:26:00,Delhi,UPI,returned
ORD-100445,CUST-1030,2024-04-19 11:19:00,Mumbai,UPI,delivered
ORD-100446,CUST-1134,2024-06-01 11:30:00,Delhi,Card,delivered
ORD-100447,CUST-1179,2024-05-28 10:04:00,Bengaluru,Card,delivered
ORD-100448,CUST-1030,2024-04-03 10:41:00,Mumbai,UPI,delivered
ORD-100449,CUST-1190,2024-05-02 16:11:00,Delhi,COD,delivered
ORD-100450,CUST-1144,2024-05-25 14:14:00,Mumbai,Card,cancelled
ORD-100451,CUST-1048,2024-04-24 20:42:00,Delhi,UPI,delivered
ORD-100452,CUST-1189,2024-06-18 06:28:00,Delhi,COD,delivered
ORD-100453,CUST-1002,2024-04-28 06:17:00,Mumbai,UPI,cancelled
ORD-100454,CUST-1148,2024-04-14 17:11:00,Mumbai,UPI,delivered
ORD-100455,CUST-1118,2024-04-15 08:42:00,Delhi,Card,returned
ORD-100456,CUST-1164,2024-05-11 19:24:00,Bengaluru,Card,delivered
ORD-100457,CUST-1030,2024-05-15 11:54:00,Mumbai,UPI,delivered
ORD-100458,CUST-1173,2024-05-09 19:37:00,Delhi,UPI,delivered
ORD-100459,CUST-1081,2024-04-16 07:19:00,Delhi,COD,delivered
ORD-100460,CUST-1178,2024-04-19 16:24:00,Mumbai,UPI,delivered
ORD-100461,CUST-1148,2024-05-20 13:11:00,Mumbai,Card,delivered
ORD-100462,CUST-1178,2024-06-22 05:35:00,Mumbai,COD,delivered
ORD-100463,CUST-1036,2024-04-24 10:53:00,Bengaluru,UPI,delivered
ORD-100464,CUST-1092,2024-04-02 15:08:00,Bengaluru,COD,delivered
ORD-100465,CUST-1144,2024-06-04 20:31:00,Mumbai,COD,delivered
ORD-100466,CUST-1107,2024-05-27 15:10:00,Delhi,UPI,delivered
ORD-100467,CUST-1004,2024-04-29 09:02:00,Bengaluru,Card,delivered
ORD-100468,CUST-1074,2024-04-22 14:36:00,Mumbai,COD,delivered
ORD-100469,CUST-1141,2024-06-05 03:36:00,Bengaluru,Card,delivered
ORD-100470,CUST-1094,2024-06-09 01:48:00,Bengaluru,Card,delivered
ORD-100471,CUST-1056,2024-05-25 03:47:00,Bengaluru,UPI,cancelled
ORD-100472,CUST-1077,2024-04-05 14:16:00,Bengaluru,UPI,delivered
ORD-100473,CUST-1113,2024-04-16 07:13:00,Delhi,Card,cancelled
ORD-100474,CUST-1177,2024-05-15 22:39:00,Bengaluru,UPI,delivered
ORD-100475,CUST-1158,2024-04-18 06:52:00,Delhi,UPI,delivered
ORD-100476,CUST-1146,2024-05-15 17:17:00,Mumbai,UPI,delivered
ORD-100477,CUST-1083,2024-05-08 09:36:00,Bengaluru,Card,delivered
ORD-100478,CUST-1174,2024-04-13 04:48:00,Delhi,UPI,cancelled
ORD-100479,CUST-1071,2024-06-23 04:44:00,Delhi,UPI,returned
ORD-100480,CUST-1038,2024-05-12 07:48:00,Mumbai,COD,cancelled
ORD-100481,CUST-1126,2024-04-19 18:40:00,Mumbai,COD,delivered
ORD-100482,CUST-1097,2024-05-28 02:40:00,Delhi,UPI,cancelled
ORD-100483,CUST-1104,2024-06-05 23:17:00,Mumbai,COD,delivered
ORD-100484,CUST-1117,2024-06-02 10:37:00,Mumbai,Card,delivered
ORD-100485,CUST-1024,2024-05-29 20:42:00,Bengaluru,UPI,delivered
ORD-100486,CUST-1004,2024-06-08 12:13:00,Bengaluru,UPI,returned
ORD-100487,CUST-1127,2024-05-05 10:53:00,Delhi,Card,delivered
ORD-100488,CUST-1148,2024-04-17 18:54:00,Mumbai,COD,delivered
ORD-100489,CUST-1175,2024-04-07 01:06:00,Delhi,COD,delivered
ORD-100490,CUST-1005,2024-04-16 05:28:00,Delhi,COD,delivered
ORD-100491,CUST-1052,2024-06-28 04:56:00,Bengaluru,UPI,delivered
ORD-100492,CUST-1071,2024-04-12 20:23:00,Delhi,COD,delivered
ORD-100493,CUST-1171,2024-06-23 05:03:00,Bengaluru,COD,delivered
ORD-100494,CUST-1186,2024-06-29 07:27:00,Mumbai,Card,delivered
ORD-100495,CUST-1025,2024-04-01 06:30:00,Bengaluru,Card,delivered
ORD-100496,CUST-1058,2024-06-06 21:28:00,Mumbai,Card,delivered
ORD-100497,CUST-1088,2024-04-16 13:44:00,Mumbai,UPI,delivered
ORD-100498,CUST-1059,2024-05-20 02:46:00,Bengaluru,UPI,cancelled
ORD-100499,CUST-1081,2024-05-18 09:08:00,Delhi,UPI,delivered
ORD-100500,CUST-1165,2024-06-26 04:04:00,Mumbai,UPI,delivered
ORD-100501,CUST-1157,2024-06-23 05:28:00,Mumbai,UPI,delivered
ORD-100502,CUST-1161,2024-04-20 13:39:00,Bengaluru,UPI,delivered
ORD-100503,CUST-1023,2024-04-13 04:48:00,Mumbai,Card,delivered
ORD-100504,CUST-1099,2024-05-15 13:20:00,Delhi,UPI,cancelled
ORD-100505,CUST-1071,2024-06-22 02:15:00,Delhi,Card,delivered
ORD-100506,CUST-1185,2024-06-17 09:49:00,Bengaluru,UPI,returned
ORD-100507,CUST-1169,2024-05-09 06:33:00,Delhi,UPI,delivered
ORD-100508,CUST-1192,2024-05-21 09:41:00,Mumbai,UPI,delivered
ORD-100509,CUST-1127,2024-05-20 03:15:00,Delhi,Card,delivered
ORD-100510,CUST-1019,2024-06-07 00:23:00,Delhi,UPI,returned
ORD-100511,CUST-1100,2024-06-12 13:23:00,Bengaluru,UPI,delivered
ORD-100512,CUST-1196,2024-05-31 02:01:00,Mumbai,UPI,delivered
ORD-100513,CUST-1068,2024-04-28 01:59:00,Delhi,COD,delivered
ORD-100514,CUST-1130,2024-05-07 20:45:00,Delhi,COD,delivered
ORD-100515,CUST-1109,2024-06-29 12:05:00,Mumbai,Card,delivered
ORD-100516,CUST-1158,2024-04-20 08:05:00,Delhi,Card,delivered
ORD-100517,CUST-1053,2024-04-20 17:20:00,Mumbai,Card,delivered
ORD-100518,CUST-1196,2024-06-23 21:41:00,Mumbai,Card,delivered
ORD-100519,CUST-1112,2024-05-01 01:15:00,Bengaluru,COD,delivered
ORD-100520,CUST-1030,2024-05-29 19:38:00,Mumbai,Card,delivered
ORD-100521,CUST-1190,2024-06-24 23:11:00,Delhi,Card,delivered
ORD-100522,CUST-1036,2024-06-29 00:10:00,Bengaluru,COD,delivered
ORD-100523,CUST-1134,2024-06-06 23:16:00,Delhi,UPI,delivered
ORD-100524,CUST-1192,2024-05-05 23:56:00,Mumbai,UPI,delivered
ORD-100525,CUST-1086,2024-05-25 08:33:00,Delhi,Card,delivered
ORD-100526,CUST-1148,2024-06-20 02:31:00,Mumbai,COD,delivered
ORD-100527,CUST-1015,2024-06-03 18:10:00,Bengaluru,COD,delivered
ORD-100528,CUST-1198,2024-04-14 18:43:00,Bengaluru,UPI,delivered
ORD-100529,CUST-1190,2024-06-05 00:02:00,Delhi,UPI,returned
ORD-100530,CUST-1063,2024-04-06 15:23:00,Mumbai,UPI,delivered
ORD-100531,CUST-1046,2024-04-05 17:51:00,Mumbai,Card,returned
ORD-100532,CUST-1168,2024-05-24 07:20:00,Delhi,Card,delivered
ORD-100533,CUST-1082,2024-05-05 02:36:00,Bengaluru,Card,delivered
ORD-100534,CUST-1173,2024-04-07 05:14:00,Delhi,UPI,cancelled
ORD-100535,CUST-1103,2024-04-09 14:55:00,Mumbai,COD,delivered
ORD-100536,CUST-1084,2024-04-12 17:29:00,Delhi,UPI,delivered
ORD-100537,CUST-1075,2024-06-12 09:47:00,Mumbai,COD,delivered
ORD-100538,CUST-1095,2024-06-15 15:49:00,Bengaluru,Card,cancelled
ORD-100539,CUST-1140,2024-05-02 04:00:00,Delhi,UPI,returned
ORD-100540,CUST-1060,2024-06-09 11:40:00,Delhi,UPI,cancelled
ORD-100541,CUST-1086,2024-04-01 21:24:00,Delhi,Card,cancelled
ORD-100542,CUST-1079,2024-04-14 06:33:00,Bengaluru,COD,returned
ORD-100543,CUST-1126,2024-04-08 04:45:00,Mumbai,UPI,delivered
ORD-100544,CUST-1060,2024-06-06 13:44:00,Delhi,COD,returned
ORD-100545,CUST-1192,2024-04-11 18:06:00,Mumbai,Card,delivered
ORD-100546,CUST-1101,2024-04-10 18:36:00,Mumbai,Card,delivered
ORD-100547,CUST-1034,2024-05-01 09:16:00,Mumbai,COD,returned
ORD-100548,CUST-1180,2024-05-12 10:28:00,Mumbai,UPI,delivered
ORD-100549,CUST-1052,2024-04-18 18:06:00,Bengaluru,UPI,delivered
ORD-100550,CUST-1116,2024-05-30 10:26:00,Mumbai,COD,delivered
ORD-100551,CUST-1198,2024-04-27 14:19:00,Bengaluru,UPI,delivered
ORD-100552,CUST-1024,2024-04-21 21:19:00,Bengaluru,Card,cancelled
ORD-100553,CUST-1155,2024-04-06 06:53:00,Bengaluru,UPI,returned
ORD-100554,CUST-1024,2024-05-02 11:25:00,Bengaluru,Card,delivered
ORD-100555,CUST-1077,2024-05-04 05:01:00,Bengaluru,COD,returned
ORD-100556,CUST-1143,2024-06-10 07:06:00,Mumbai,UPI,delivered
ORD-100557,CUST-1032,2024-04-02 01:53:00,Mumbai,UPI,cancelled
ORD-100558,CUST-1034,2024-04-26 12:23:00,Mumbai,Card,delivered
ORD-100559,CUST-1022,2024-06-14 18:16:00,Bengaluru,UPI,returned
ORD-100560,CUST-1006,2024-04-09 06:57:00,Delhi,UPI,delivered
ORD-100561,CUST-1024,2024-05-13 03:02:00,Bengaluru,UPI,returned
ORD-100562,CUST-1044,2024-06-13 13:52:00,Bengaluru,COD,delivered
ORD-100563,CUST-1008,2024-05-19 21:27:00,Bengaluru,UPI,delivered
ORD-100564,CUST-1048,2024-05-06 08:28:00,Delhi,UPI,returned
ORD-100565,CUST-1158,2024-06-19 19:15:00,Delhi,COD,delivered
ORD-100566,CUST-1106,2024-06-10 15:03:00,Bengaluru,COD,delivered
ORD-100567,CUST-1036,2024-05-24 06:41:00,Bengaluru,Card,returned
ORD-100568,CUST-1064,2024-06-20 17:50:00,Delhi,COD,delivered
ORD-100569,CUST-1001,2024-05-16 15:34:00,Bengaluru,COD,cancelled
ORD-100570,CUST-1145,2024-06-04 10:24:00,Mumbai,UPI,delivered
ORD-100571,CUST-1082,2024-06-16 07:01:00,Bengaluru,COD,returned
ORD-100572,CUST-1015,2024-05-31 16:22:00,Bengaluru,UPI,cancelled
ORD-100573,CUST-1041,2024-04-13 07:42:00,Mumbai,Card,delivered
ORD-100574,CUST-1003,2024-04-08 07:36:00,Bengaluru,COD,cancelled
ORD-100575,CUST-1091,2024-04-23 05:15:00,Delhi,Card,delivered
ORD-100576,CUST-1179,2024-05-16 18:01:00,Bengaluru,COD,delivered
ORD-100577,CUST-1146,2024-06-12 04:36:00,Mumbai,COD,returned
ORD-100578,CUST-1139,2024-05-10 05:31:00,Delhi,UPI,delivered
ORD-100579,CUST-1060,2024-06-17 07:01:00,Delhi,UPI,delivered
ORD-100580,CUST-1085,2024-06-18 06:51:00,Mumbai,Card,delivered
ORD-100581,CUST-1046,2024-05-12 01:01:00,Mumbai,Card,delivered
ORD-100582,CUST-1037,2024-04-15 16:55:00,Mumbai,UPI,delivered
ORD-100583,CUST-1096,2024-06-24 12:37:00,Delhi,COD,delivered
ORD-100584,CUST-1083,2024-04-18 05:46:00,Bengaluru,Card,returned
ORD-100585,CUST-1125,2024-06-23 10:11:00,Delhi,Card,delivered
ORD-100586,CUST-1178,2024-06-18 11:14:00,Mumbai,UPI,delivered
ORD-100587,CUST-1097,2024-05-10 23:44:00,Delhi,UPI,delivered
ORD-100588,CUST-1187,2024-04-01 22:36:00,Mumbai,Card,delivered
ORD-100589,CUST-1009,2024-04-24 19:20:00,Mumbai,Card,returned
ORD-100590,CUST-1057,2024-06-21 18:06:00,Bengaluru,UPI,returned
ORD-100591,CUST-1085,2024-04-10 07:22:00,Mumbai,UPI,returned
ORD-100592,CUST-1163,2024-04-12 22:42:00,Delhi,COD,delivered
ORD-100593,CUST-1115,2024-04-02 08:13:00,Mumbai,UPI,delivered
ORD-100594,CUST-1090,2024-05-03 03:46:00,Mumbai,COD,delivered
ORD-100595,CUST-1113,2024-05-24 05:56:00,Delhi,COD,delivered
ORD-100596,CUST-1090,2024-06-09 12:06:00,Mumbai,Card,cancelled
ORD-100597,CUST-1167,2024-06-27 07:10:00,Delhi,UPI,delivered
ORD-100598,CUST-1076,2024-04-03 10:16:00,Bengaluru,UPI,returned
ORD-100599,CUST-1088,2024-04-22 12:10:00,Mumbai,Card,delivered
ORD-100600,CUST-1024,2024-05-14 19:39:00,Bengaluru,Card,returned
ORD-100601,CUST-1008,2024-05-26 20:10:00,Bengaluru,COD,delivered
ORD-100602,CUST-1041,2024-04-07 03:21:00,Mumbai,UPI,delivered
ORD-100603,CUST-1105,2024-06-29 17:46:00,Delhi,Card,returned
ORD-100604,CUST-1068,2024-06-24 09:19:00,Delhi,UPI,delivered
ORD-100605,CUST-1101,2024-06-13 17:53:00,Mumbai,UPI,delivered
ORD-100606,CUST-1093,2024-04-01 13:05:00,Delhi,Card,delivered
ORD-100607,CUST-1161,2024-06-16 15:12:00,Bengaluru,UPI,delivered
ORD-100608,CUST-1044,2024-06-21 09:05:00,Bengaluru,UPI,delivered
ORD-100609,CUST-1079,2024-05-21 15:31:00,Bengaluru,COD,returned
ORD-100610,CUST-1024,2024-06-22 17:24:00,Bengaluru,COD,delivered
ORD-100611,CUST-1095,2024-04-24 14:02:00,Bengaluru,COD,delivered
ORD-100612,CUST-1068,2024-04-29 08:36:00,Delhi,Card,delivered
ORD-100613,CUST-1171,2024-04-13 02:42:00,Bengaluru,Card,delivered
ORD-100614,CUST-1106,2024-06-15 07:35:00,Bengaluru,COD,delivered
ORD-100615,CUST-1134,2024-05-24 17:43:00,Delhi,COD,returned
ORD-100616,CUST-1147,2024-05-01 15:19:00,Delhi,Card,delivered
ORD-100617,CUST-1009,2024-06-04 18:57:00,Mumbai,Card,delivered
ORD-100618,CUST-1174,2024-06-19 04:07:00,Delhi,COD,returned
ORD-100619,CUST-1045,2024-04-22 06:51:00,Bengaluru,UPI,delivered
ORD-100620,CUST-1109,2024-04-11 21:27:00,Mumbai,Card,delivered
ORD-100621,CUST-1038,2024-06-16 08:20:00,Mumbai,UPI,returned
ORD-100622,CUST-1023,2024-05-20 17:25:00,Mumbai,COD,delivered
ORD-100623,CUST-1134,2024-05-29 00:50:00,Delhi,Card,delivered
ORD-100624,CUST-1134,2024-05-24 03:26:00,Delhi,Card,delivered
ORD-100625,CUST-1151,2024-06-14 03:59:00,Mumbai,UPI,delivered
ORD-100626,CUST-1002,2024-05-07 17:56:00,Mumbai,COD,delivered
ORD-100627,CUST-1068,2024-05-20 20:31:00,Delhi,COD,delivered
ORD-100628,CUST-1010,2024-04-23 08:25:00,Delhi,Card,delivered
ORD-100629,CUST-1175,2024-06-28 12:02:00,Delhi,COD,delivered
ORD-100630,CUST-1177,2024-05-01 01:47:00,Bengaluru,COD,delivered
ORD-100631,CUST-1096,2024-04-03 10:52:00,Delhi,COD,cancelled
ORD-100632,CUST-1072,2024-06-02 22:43:00,Delhi,UPI,delivered
ORD-100633,CUST-1035,2024-05-09 23:28:00,Bengaluru,COD,cancelled
ORD-100634,CUST-1069,2024-05-24 19:41:00,Delhi,COD,delivered
ORD-100635,CUST-1055,2024-05-23 23:31:00,Delhi,COD,cancelled
ORD-100636,CUST-1015,2024-06-05 05:04:00,Bengaluru,Card,delivered
ORD-100637,CUST-1104,2024-04-18 16:56:00,Mumbai,UPI,delivered
ORD-100638,CUST-1050,2024-04-26 01:15:00,Bengaluru,UPI,delivered
ORD-100639,CUST-1093,2024-04-26 08:23:00,Delhi,Card,cancelled
ORD-100640,CUST-1102,2024-06-21 03:43:00,Bengaluru,COD,delivered
ORD-100641,CUST-1126,2024-06-16 14:11:00,Mumbai,COD,returned
ORD-100642,CUST-1151,2024-06-10 11:22:00,Mumbai,COD,delivered
ORD-100643,CUST-1192,2024-06-28 02:18:00,Mumbai,UPI,delivered
ORD-100644,CUST-1042,2024-06-13 06:54:00,Bengaluru,UPI,delivered
ORD-100645,CUST-1174,2024-04-27 08:41:00,Delhi,UPI,delivered
ORD-100646,CUST-1200,2024-06-27 00:30:00,Delhi,Card,returned
ORD-100647,CUST-1045,2024-06-16 00:14:00,Bengaluru,COD,delivered
ORD-100648,CUST-1183,2024-06-22 08:27:00,Mumbai,COD,returned
ORD-100649,CUST-1118,2024-05-03 06:29:00,Delhi,Card,delivered
ORD-100650,CUST-1160,2024-05-21 18:06:00,Mumbai,Card,delivered
ORD-100651,CUST-1096,2024-06-11 20:38:00,Delhi,COD,delivered
ORD-100652,CUST-1176,2024-04-14 15:04:00,Bengaluru,COD,delivered
ORD-100653,CUST-1164,2024-05-12 08:16:00,Bengaluru,Card,delivered
ORD-100654,CUST-1077,2024-04-25 04:33:00,Bengaluru,UPI,cancelled
ORD-100655,CUST-1154,2024-05-22 21:20:00,Bengaluru,Card,delivered
ORD-100656,CUST-1007,2024-06-23 15:18:00,Bengaluru,COD,delivered
ORD-100657,CUST-1104,2024-05-20 23:02:00,Mumbai,Card,delivered
ORD-100658,CUST-1049,2024-05-14 23:45:00,Bengaluru,Card,delivered
ORD-100659,CUST-1164,2024-05-31 21:22:00,Bengaluru,UPI,delivered
ORD-100660,CUST-1169,2024-06-11 05:18:00,Delhi,UPI,delivered
ORD-100661,CUST-1190,2024-05-04 23:51:00,Delhi,UPI,delivered
ORD-100662,CUST-1175,2024-05-13 20:05:00,Delhi,UPI,delivered
ORD-100663,CUST-1191,2024-05-10 13:50:00,Mumbai,COD,returned
ORD-100664,CUST-1067,2024-06-14 09:29:00,Bengaluru,COD,returned
ORD-100665,CUST-1014,2024-06-21 18:37:00,Bengaluru,UPI,returned
ORD-100666,CUST-1121,2024-04-25 16:07:00,Bengaluru,COD,returned
ORD-100667,CUST-1136,2024-05-09 13:03:00,Delhi,UPI,returned
ORD-100668,CUST-1036,2024-04-26 10:26:00,Bengaluru,COD,returned
ORD-100669,CUST-1037,2024-05-11 22:11:00,Mumbai,COD,cancelled
ORD-100670,CUST-1086,2024-06-20 05:20:00,Delhi,UPI,delivered
ORD-100671,CUST-1116,2024-05-06 06:48:00,Mumbai,Card,cancelled
ORD-100672,CUST-1196,2024-04-21 15:50:00,Mumbai,UPI,cancelled
ORD-100673,CUST-1034,2024-06-18 13:40:00,Mumbai,COD,delivered
ORD-100674,CUST-1123,2024-05-20 00:02:00,Delhi,Card,delivered
ORD-100675,CUST-1096,2024-04-02 10:48:00,Delhi,UPI,cancelled
ORD-100676,CUST-1005,2024-06-26 00:40:00,Delhi,UPI,delivered
ORD-100677,CUST-1178,2024-05-15 09:08:00,Mumbai,Card,delivered
ORD-100678,CUST-1151,2024-05-10 05:04:00,Mumbai,COD,cancelled
ORD-100679,CUST-1075,2024-05-29 23:33:00,Mumbai,COD,delivered
ORD-100680,CUST-1112,2024-06-27 04:21:00,Bengaluru,COD,returned
ORD-100681,CUST-1092,2024-04-25 05:58:00,Bengaluru,COD,returned
ORD-100682,CUST-1005,2024-04-30 07:46:00,Delhi,UPI,returned
ORD-100683,CUST-1188,2024-04-03 18:32:00,Mumbai,COD,delivered
ORD-100684,CUST-1183,2024-06-23 01:24:00,Mumbai,COD,returned
ORD-100685,CUST-1198,2024-06-08 19:03:00,Bengaluru,UPI,delivered
ORD-100686,CUST-1170,2024-04-14 20:53:00,Delhi,Card,delivered
ORD-100687,CUST-1030,2024-05-24 14:24:00,Mumbai,COD,delivered
ORD-100688,CUST-1122,2024-06-29 04:13:00,Mumbai,Card,delivered
ORD-100689,CUST-1003,2024-05-09 13:42:00,Bengaluru,Card,delivered
ORD-100690,CUST-1070,2024-06-19 19:44:00,Bengaluru,UPI,delivered
ORD-100691,CUST-1131,2024-06-19 03:18:00,Delhi,UPI,delivered
ORD-100692,CUST-1128,2024-04-26 19:12:00,Delhi,Card,cancelled
ORD-100693,CUST-1052,2024-05-16 22:26:00,Bengaluru,UPI,delivered
ORD-100694,CUST-1141,2024-06-03 06:44:00,Bengaluru,COD,returned
ORD-100695,CUST-1061,2024-04-01 00:42:00,Bengaluru,UPI,delivered
ORD-100696,CUST-1147,2024-06-25 15:09:00,Delhi,Card,returned
ORD-100697,CUST-1020,2024-04-13 08:41:00,Mumbai,COD,delivered
ORD-100698,CUST-1068,2024-05-30 01:06:00,Delhi,UPI,cancelled
ORD-100699,CUST-1075,2024-05-17 21:20:00,Mumbai,UPI,delivered
ORD-100700,CUST-1025,2024-04-06 00:54:00,Bengaluru,Card,delivered
ORD-100701,CUST-1044,2024-05-13 11:57:00,Bengaluru,Card,delivered
ORD-100702,CUST-1069,2024-04-12 11:52:00,Delhi,UPI,delivered
ORD-100703,CUST-1103,2024-05-22 14:17:00,Mumbai,Card,cancelled
ORD-100704,CUST-1123,2024-05-24 20:56:00,Delhi,UPI,cancelled
ORD-100705,CUST-1034,2024-06-29 23:03:00,Mumbai,UPI,returned
ORD-100706,CUST-1027,2024-05-24 18:30:00,Mumbai,Card,cancelled
ORD-100707,CUST-1113,2024-04-24 19:24:00,Delhi,Card,cancelled
ORD-100708,CUST-1008,2024-06-27 23:57:00,Bengaluru,COD,delivered
ORD-100709,CUST-1029,2024-05-23 14:02:00,Delhi,Card,delivered
ORD-100710,CUST-1081,2024-04-02 22:55:00,Delhi,Card,delivered
ORD-100711,CUST-1148,2024-06-12 07:42:00,Mumbai,Card,returned
ORD-100712,CUST-1134,2024-06-28 22:39:00,Delhi,Card,delivered
ORD-100713,CUST-1187,2024-05-02 15:22:00,Mumbai,Card,delivered
ORD-100714,CUST-1099,2024-04-20 17:57:00,Delhi,UPI,returned
ORD-100715,CUST-1003,2024-06-22 05:32:00,Bengaluru,COD,cancelled
ORD-100716,CUST-1043,2024-04-10 15:20:00,Delhi,COD,delivered
ORD-100717,CUST-1013,2024-06-04 07:35:00,Delhi,COD,delivered
ORD-100718,CUST-1061,2024-04-11 14:28:00,Bengaluru,COD,cancelled
ORD-100719,CUST-1023,2024-06-03 14:20:00,Mumbai,COD,delivered
ORD-100720,CUST-1191,2024-06-23 00:06:00,Mumbai,UPI,delivered
ORD-100721,CUST-1143,2024-06-10 00:52:00,Mumbai,Card,delivered
ORD-100722,CUST-1159,2024-06-21 09:56:00,Mumbai,UPI,delivered
ORD-100723,CUST-1168,2024-06-25 14:21:00,Delhi,UPI,delivered
ORD-100724,CUST-1058,2024-05-29 10:35:00,Mumbai,Card,cancelled
ORD-100725,CUST-1122,2024-06-24 11:45:00,Mumbai,UPI,delivered
ORD-100726,CUST-1195,2024-06-24 07:00:00,Bengaluru,Card,delivered
ORD-100727,CUST-1005,2024-05-08 17:33:00,Delhi,UPI,delivered
ORD-100728,CUST-1012,2024-04-22 15:08:00,Mumbai,Card,cancelled
ORD-100729,CUST-1185,2024-05-23 03:16:00,Bengaluru,UPI,delivered
ORD-100730,CUST-1031,2024-05-21 06:29:00,Delhi,UPI,cancelled
ORD-100731,CUST-1184,2024-05-14 03:48:00,Delhi,Card,delivered
ORD-100732,CUST-1173,2024-06-15 03:49:00,Delhi,COD,returned
ORD-100733,CUST-1169,2024-06-15 16:08:00,Delhi,UPI,returned
ORD-100734,CUST-1136,2024-04-07 17:59:00,Delhi,Card,delivered
ORD-100735,CUST-1124,2024-06-05 05:44:00,Delhi,Card,delivered
ORD-100736,CUST-1033,2024-04-14 12:42:00,Mumbai,COD,delivered
ORD-100737,CUST-1130,2024-05-20 13:38:00,Delhi,UPI,returned
ORD-100738,CUST-1071,2024-05-21 10:18:00,Delhi,UPI,delivered
ORD-100739,CUST-1036,2024-05-23 19:44:00,Bengaluru,Card,returned
ORD-100740,CUST-1077,2024-06-29 17:55:00,Bengaluru,Card,delivered
ORD-100741,CUST-1142,2024-06-20 06:12:00,Bengaluru,Card,delivered
ORD-100742,CUST-1075,2024-06-27 11:58:00,Mumbai,Card,delivered
ORD-100743,CUST-1167,2024-04-23 16:34:00,Delhi,COD,delivered
ORD-100744,CUST-1182,2024-04-15 11:35:00,Bengaluru,Card,delivered
ORD-100745,CUST-1171,2024-05-24 21:47:00,Bengaluru,Card,returned
ORD-100746,CUST-1074,2024-05-25 00:33:00,Mumbai,COD,delivered
ORD-100747,CUST-1038,2024-04-07 21:03:00,Mumbai,UPI,delivered
ORD-100748,CUST-1074,2024-06-27 08:09:00,Mumbai,Card,cancelled
ORD-100749,CUST-1001,2024-05-08 06:48:00,Bengaluru,COD,delivered
ORD-100750,CUST-1116,2024-04-14 19:55:00,Mumbai,Card,delivered
ORD-100751,CUST-1058,2024-06-22 17:24:00,Mumbai,Card,delivered
ORD-100752,CUST-1074,2024-06-28 21:03:00,Mumbai,COD,returned
ORD-100753,CUST-1107,2024-06-27 10:35:00,Delhi,Card,delivered
ORD-100754,CUST-1065,2024-04-26 19:55:00,Delhi,COD,cancelled
ORD-100755,CUST-1058,2024-06-21 22:45:00,Mumbai,Card,delivered
ORD-100756,CUST-1140,2024-06-17 06:49:00,Delhi,UPI,delivered
ORD-100757,CUST-1076,2024-05-28 05:43:00,Bengaluru,UPI,delivered
ORD-100758,CUST-1189,2024-06-05 03:24:00,Delhi,COD,delivered
ORD-100759,CUST-1143,2024-05-04 04:10:00,Mumbai,COD,delivered
ORD-100760,CUST-1002,2024-05-13 14:45:00,Mumbai,UPI,returned
ORD-100761,CUST-1040,2024-05-12 19:03:00,Bengaluru,Card,cancelled
ORD-100762,CUST-1158,2024-06-24 09:31:00,Delhi,Card,cancelled
ORD-100763,CUST-1092,2024-04-10 22:20:00,Bengaluru,UPI,delivered
ORD-100764,CUST-1134,2024-04-09 16:10:00,Delhi,Card,delivered
ORD-100765,CUST-1104,2024-04-12 11:14:00,Mumbai,Card,returned
ORD-100766,CUST-1085,2024-05-13 11:18:00,Mumbai,Card,delivered
ORD-100767,CUST-1136,2024-05-31 17:52:00,Delhi,Card,cancelled
ORD-100768,CUST-1003,2024-04-15 21:22:00,Bengaluru,Card,delivered
ORD-100769,CUST-1158,2024-06-19 07:02:00,Delhi,COD,delivered
ORD-100770,CUST-1098,2024-04-15 12:16:00,Bengaluru,COD,delivered
ORD-100771,CUST-1007,2024-06-06 11:32:00,Bengaluru,COD,cancelled
ORD-100772,CUST-1125,2024-04-06 09:57:00,Delhi,COD,delivered
ORD-100773,CUST-1132,2024-04-11 03:10:00,Bengaluru,Card,returned
ORD-100774,CUST-1137,2024-04-01 20:04:00,Mumbai,Card,delivered
ORD-100775,CUST-1199,2024-04-28 21:27:00,Delhi,UPI,cancelled
ORD-100776,CUST-1138,2024-06-29 23:49:00,Delhi,UPI,delivered
ORD-100777,CUST-1192,2024-06-27 04:01:00,Mumbai,COD,delivered
ORD-100778,CUST-1010,2024-04-12 02:03:00,Delhi,COD,delivered
ORD-100779,CUST-1143,2024-04-10 18:52:00,Mumbai,COD,delivered
ORD-100780,CUST-1105,2024-05-20 14:40:00,Delhi,COD,delivered
ORD-100781,CUST-1005,2024-05-20 21:07:00,Delhi,Card,delivered
ORD-100782,CUST-1185,2024-06-19 02:48:00,Bengaluru,UPI,delivered
ORD-100783,CUST-1180,2024-04-10 11:59:00,Mumbai,COD,delivered
ORD-100784,CUST-1002,2024-06-27 09:38:00,Mumbai,COD,delivered
ORD-100785,CUST-1098,2024-05-21 21:01:00,Bengaluru,Card,delivered
ORD-100786,CUST-1057,2024-04-18 23:25:00,Bengaluru,Card,cancelled
ORD-100787,CUST-1076,2024-06-21 04:19:00,Bengaluru,Card,delivered
ORD-100788,CUST-1166,2024-05-18 00:35:00,Bengaluru,UPI,returned
ORD-100789,CUST-1032,2024-04-06 00:36:00,Mumbai,Card,delivered
ORD-100790,CUST-1141,2024-04-11 09:13:00,Bengaluru,Card,delivered
ORD-100791,CUST-1089,2024-04-28 13:57:00,Bengaluru,Card,delivered
ORD-100792,CUST-1037,2024-04-21 05:14:00,Mumbai,COD,delivered
ORD-100793,CUST-1050,2024-04-15 05:42:00,Bengaluru,UPI,cancelled
ORD-100794,CUST-1193,2024-06-10 14:41:00,Mumbai,COD,delivered
ORD-100795,CUST-1172,2024-04-09 08:06:00,Bengaluru,Card,delivered
ORD-100796,CUST-1125,2024-05-13 11:08:00,Delhi,UPI,delivered
ORD-100797,CUST-1026,2024-05-07 19:04:00,Bengaluru,COD,returned
ORD-100798,CUST-1125,2024-05-28 10:39:00,Delhi,Card,delivered
ORD-100799,CUST-1150,2024-04-20 18:36:00,Bengaluru,COD,delivered
ORD-100800,CUST-1110,2024-04-22 00:20:00,Bengaluru,UPI,delivered
ORD-100801,CUST-1183,2024-06-22 13:17:00,Mumbai,UPI,cancelled
ORD-100802,CUST-1174,2024-05-13 15:29:00,Delhi,COD,delivered
ORD-100803,CUST-1125,2024-06-10 03:11:00,Delhi,UPI,delivered
ORD-100804,CUST-1072,2024-04-18 17:12:00,Delhi,Card,delivered
ORD-100805,CUST-1020,2024-04-10 00:54:00,Mumbai,UPI,delivered
ORD-100806,CUST-1149,2024-06-14 12:49:00,Delhi,UPI,delivered
ORD-100807,CUST-1142,2024-05-04 17:57:00,Bengaluru,COD,returned
ORD-100808,CUST-1168,2024-04-20 11:25:00,Delhi,Card,delivered
ORD-100809,CUST-1188,2024-05-08 04:29:00,Mumbai,UPI,delivered
ORD-100810,CUST-1102,2024-05-17 16:00:00,Bengaluru,Card,delivered
ORD-100811,CUST-1176,2024-04-22 16:08:00,Bengaluru,UPI,delivered
ORD-100812,CUST-1145,2024-06-12 21:55:00,Mumbai,Card,returned
ORD-100813,CUST-1188,2024-06-01 11:02:00,Mumbai,COD,delivered
ORD-100814,CUST-1060,2024-04-09 08:23:00,Delhi,Card,delivered
ORD-100815,CUST-1053,2024-06-06 11:24:00,Mumbai,COD,delivered
ORD-100816,CUST-1012,2024-04-06 20:20:00,Mumbai,Card,delivered
ORD-100817,CUST-1163,2024-05-06 23:16:00,Delhi,Card,delivered
ORD-100818,CUST-1045,2024-05-19 20:24:00,Bengaluru,Card,delivered
ORD-100819,CUST-1020,2024-06-06 08:24:00,Mumbai,UPI,returned
ORD-100820,CUST-1133,2024-05-22 11:52:00,Mumbai,COD,returned
ORD-100821,CUST-1003,2024-06-01 19:00:00,Bengaluru,UPI,delivered
ORD-100822,CUST-1113,2024-04-22 07:04:00,Delhi,COD,delivered
ORD-100823,CUST-1055,2024-04-20 05:10:00,Delhi,Card,delivered
ORD-100824,CUST-1031,2024-06-24 07:26:00,Delhi,Card,cancelled
ORD-100825,CUST-1030,2024-06-01 21:30:00,Mumbai,Card,delivered
ORD-100826,CUST-1042,2024-06-22 13:01:00,Bengaluru,UPI,delivered
ORD-100827,CUST-1147,2024-06-15 05:08:00,Delhi,UPI,delivered
ORD-100828,CUST-1147,2024-04-19 01:10:00,Delhi,UPI,delivered
ORD-100829,CUST-1133,2024-05-22 19:36:00,Mumbai,Card,delivered
ORD-100830,CUST-1187,2024-06-24 09:05:00,Mumbai,Card,delivered
ORD-100831,CUST-1121,2024-06-01 05:14:00,Bengaluru,Card,cancelled
ORD-100832,CUST-1037,2024-06-14 05:39:00,Mumbai,COD,delivered
ORD-100833,CUST-1043,2024-06-27 10:59:00,Delhi,Card,delivered
ORD-100834,CUST-1018,2024-04-30 12:24:00,Bengaluru,UPI,delivered
ORD-100835,CUST-1052,2024-06-06 16:43:00,Bengaluru,UPI,delivered
ORD-100836,CUST-1156,2024-04-13 05:30:00,Delhi,Card,returned
ORD-100837,CUST-1010,2024-06-08 16:48:00,Delhi,COD,delivered
ORD-100838,CUST-1169,2024-04-17 19:34:00,Delhi,Card,cancelled
ORD-100839,CUST-1167,2024-05-26 16:26:00,Delhi,UPI,delivered
ORD-100840,CUST-1179,2024-06-07 13:14:00,Bengaluru,COD,returned
ORD-100841,CUST-1003,2024-05-19 11:37:00,Bengaluru,Card,cancelled
ORD-100842,CUST-1148,2024-04-13 13:08:00,Mumbai,UPI,delivered
ORD-100843,CUST-1022,2024-05-07 19:56:00,Bengaluru,COD,delivered
ORD-100844,CUST-1049,2024-04-01 22:47:00,Bengaluru,Card,cancelled
ORD-100845,CUST-1134,2024-04-16 16:00:00,Delhi,UPI,delivered
ORD-100846,CUST-1177,2024-05-11 13:23:00,Bengaluru,COD,delivered
ORD-100847,CUST-1167,2024-06-14 08:16:00,Delhi,COD,returned
ORD-100848,CUST-1145,2024-05-17 19:17:00,Mumbai,COD,returned
ORD-100849,CUST-1194,2024-04-27 13:35:00,Bengaluru,COD,cancelled
ORD-100850,CUST-1046,2024-05-18 17:35:00,Mumbai,COD,delivered
ORD-100851,CUST-1148,2024-05-15 22:25:00,Mumbai,Card,delivered
ORD-100852,CUST-1031,2024-04-30 14:50:00,Delhi,UPI,delivered
ORD-100853,CUST-1026,2024-04-28 16:25:00,Bengaluru,Card,cancelled
ORD-100854,CUST-1158,2024-06-29 21:45:00,Delhi,COD,delivered
ORD-100855,CUST-1163,2024-04-01 02:52:00,Delhi,Card,delivered
ORD-100856,CUST-1112,2024-04-12 02:16:00,Bengaluru,UPI,delivered
ORD-100857,CUST-1156,2024-04-05 23:24:00,Delhi,COD,returned
ORD-100858,CUST-1158,2024-06-23 16:18:00,Delhi,Card,delivered
ORD-100859,CUST-1015,2024-04-23 20:31:00,Bengaluru,UPI,delivered
ORD-100860,CUST-1169,2024-06-06 09:12:00,Delhi,Card,delivered
ORD-100861,CUST-1131,2024-06-06 22:14:00,Delhi,Card,delivered
ORD-100862,CUST-1010,2024-05-17 07:41:00,Delhi,UPI,delivered
ORD-100863,CUST-1023,2024-05-06 12:22:00,Mumbai,COD,delivered
ORD-100864,CUST-1151,2024-04-26 16:00:00,Mumbai,UPI,delivered
ORD-100865,CUST-1024,2024-06-10 09:46:00,Bengaluru,Card,cancelled
ORD-100866,CUST-1090,2024-05-15 08:14:00,Mumbai,UPI,delivered
ORD-100867,CUST-1117,2024-05-22 18:00:00,Mumbai,COD,delivered
ORD-100868,CUST-1130,2024-04-14 17:04:00,Delhi,COD,delivered
ORD-100869,CUST-1030,2024-06-05 08:56:00,Mumbai,Card,delivered
ORD-100870,CUST-1065,2024-06-28 14:24:00,Delhi,UPI,delivered
ORD-100871,CUST-1194,2024-05-14 14:43:00,Bengaluru,Card,delivered
ORD-100872,CUST-1008,2024-06-01 03:16:00,Bengaluru,Card,delivered
ORD-100873,CUST-1002,2024-04-29 21:44:00,Mumbai,COD,delivered
ORD-100874,CUST-1106,2024-05-16 16:34:00,Bengaluru,COD,delivered
ORD-100875,CUST-1064,2024-05-07 02:25:00,Delhi,COD,delivered
ORD-100876,CUST-1020,2024-06-10 05:30:00,Mumbai,UPI,delivered
ORD-100877,CUST-1147,2024-05-05 05:47:00,Delhi,UPI,delivered
ORD-100878,CUST-1128,2024-04-26 07:47:00,Delhi,COD,delivered
ORD-100879,CUST-1053,2024-04-30 06:53:00,Mumbai,Card,delivered
ORD-100880,CUST-1092,2024-04-20 03:07:00,Bengaluru,Card,returned
ORD-100881,CUST-1170,2024-06-03 19:00:00,Delhi,Card,cancelled
ORD-100882,CUST-1011,2024-06-01 11:39:00,Mumbai,Card,delivered
ORD-100883,CUST-1071,2024-06-02 05:48:00,Delhi,COD,returned
ORD-100884,CUST-1102,2024-04-29 18:08:00,Bengaluru,COD,delivered
ORD-100885,CUST-1123,2024-06-09 01:32:00,Delhi,Card,delivered
ORD-100886,CUST-1199,2024-04-23 14:07:00,Delhi,COD,delivered
ORD-100887,CUST-1081,2024-06-28 00:00:00,Delhi,COD,delivered
ORD-100888,CUST-1149,2024-04-13 10:23:00,Delhi,COD,delivered
ORD-100889,CUST-1048,2024-06-10 08:15:00,Delhi,Card,delivered
ORD-100890,CUST-1088,2024-05-17 05:31:00,Mumbai,COD,delivered
ORD-100891,CUST-1180,2024-05-18 11:54:00,Mumbai,COD,delivered
ORD-100892,CUST-1047,2024-06-13 04:36:00,Bengaluru,UPI,delivered
ORD-100893,CUST-1185,2024-05-05 07:35:00,Bengaluru,COD,delivered
ORD-100894,CUST-1051,2024-04-19 23:09:00,Mumbai,UPI,delivered
ORD-100895,CUST-1046,2024-05-24 15:08:00,Mumbai,Card,returned
ORD-100896,CUST-1133,2024-06-08 23:20:00,Mumbai,COD,cancelled
ORD-100897,CUST-1065,2024-06-11 18:03:00,Delhi,Card,delivered
ORD-100898,CUST-1042,2024-04-08 06:52:00,Bengaluru,Card,delivered
ORD-100899,CUST-1025,2024-05-28 23:21:00,Bengaluru,COD,delivered
ORD-100900,CUST-1144,2024-06-11 08:22:00,Mumbai,UPI,delivered
ORD-100901,CUST-1090,2024-06-26 19:12:00,Mumbai,Card,delivered
ORD-100902,CUST-1167,2024-06-08 05:49:00,Delhi,COD,delivered
ORD-100903,CUST-1173,2024-06-05 15:49:00,Delhi,UPI,delivered
ORD-100904,CUST-1098,2024-06-18 09:29:00,Bengaluru,UPI,delivered
ORD-100905,CUST-1043,2024-06-21 10:26:00,Delhi,Card,delivered
ORD-100906,CUST-1104,2024-04-10 02:10:00,Mumbai,COD,delivered
ORD-100907,CUST-1082,2024-06-23 09:45:00,Bengaluru,Card,delivered
ORD-100908,CUST-1102,2024-05-05 14:49:00,Bengaluru,COD,returned
ORD-100909,CUST-1192,2024-06-15 16:28:00,Mumbai,UPI,delivered
ORD-100910,CUST-1006,2024-04-17 23:15:00,Delhi,Card,delivered
ORD-100911,CUST-1180,2024-04-11 06:10:00,Mumbai,UPI,delivered
ORD-100912,CUST-1017,2024-05-31 17:03:00,Bengaluru,COD,delivered
ORD-100913,CUST-1135,2024-04-11 03:16:00,Bengaluru,UPI,delivered
ORD-100914,CUST-1168,2024-05-20 09:14:00,Delhi,COD,delivered
ORD-100915,CUST-1114,2024-06-20 04:08:00,Delhi,UPI,delivered
ORD-100916,CUST-1008,2024-04-05 21:22:00,Bengaluru,COD,returned
ORD-100917,CUST-1122,2024-05-30 17:59:00,Mumbai,COD,delivered
ORD-100918,CUST-1035,2024-06-29 17:11:00,Bengaluru,COD,delivered
ORD-100919,CUST-1162,2024-06-21 18:27:00,Mumbai,Card,delivered
ORD-100920,CUST-1137,2024-05-10 11:30:00,Mumbai,UPI,delivered
ORD-100921,CUST-1114,2024-05-10 11:26:00,Delhi,COD,delivered
ORD-100922,CUST-1003,2024-04-01 16:52:00,Bengaluru,UPI,cancelled
ORD-100923,CUST-1089,2024-05-07 15:34:00,Bengaluru,COD,delivered
ORD-100924,CUST-1194,2024-06-01 09:00:00,Bengaluru,COD,cancelled
ORD-100925,CUST-1153,2024-04-30 00:35:00,Delhi,COD,delivered
ORD-100926,CUST-1144,2024-05-26 12:15:00,Mumbai,Card,delivered
ORD-100927,CUST-1166,2024-05-20 12:14:00,Bengaluru,COD,delivered
ORD-100928,CUST-1161,2024-05-01 16:48:00,Bengaluru,Card,cancelled
ORD-100929,CUST-1178,2024-06-27 08:18:00,Mumbai,Card,delivered
ORD-100930,CUST-1069,2024-05-23 06:54:00,Delhi,UPI,delivered
ORD-100931,CUST-1075,2024-04-15 20:29:00,Mumbai,COD,delivered
ORD-100932,CUST-1180,2024-06-19 15:12:00,Mumbai,UPI,delivered
ORD-100933,CUST-1013,2024-06-08 00:11:00,Delhi,COD,returned
ORD-100934,CUST-1069,2024-04-17 22:28:00,Delhi,UPI,delivered
ORD-100935,CUST-1024,2024-04-20 00:31:00,Bengaluru,COD,delivered
ORD-100936,CUST-1080,2024-06-03 11:29:00,Delhi,UPI,delivered
ORD-100937,CUST-1085,2024-04-11 04:03:00,Mumbai,COD,delivered
ORD-100938,CUST-1019,2024-06-09 15:11:00,Delhi,COD,delivered
ORD-100939,CUST-1098,2024-04-02 03:49:00,Bengaluru,COD,delivered
ORD-100940,CUST-1198,2024-05-27 07:47:00,Bengaluru,UPI,returned
ORD-100941,CUST-1118,2024-04-13 16:42:00,Delhi,COD,returned
ORD-100942,CUST-1100,2024-06-27 09:59:00,Bengaluru,Card,delivered
ORD-100943,CUST-1187,2024-04-06 23:59:00,Mumbai,UPI,delivered
ORD-100944,CUST-1065,2024-06-01 20:19:00,Delhi,UPI,delivered
ORD-100945,CUST-1171,2024-04-28 03:15:00,Bengaluru,COD,delivered
ORD-100946,CUST-1004,2024-04-22 08:37:00,Bengaluru,UPI,delivered
ORD-100947,CUST-1003,2024-04-06 18:50:00,Bengaluru,Card,delivered
ORD-100948,CUST-1153,2024-04-20 11:49:00,Delhi,UPI,delivered
ORD-100949,CUST-1128,2024-04-12 21:39:00,Delhi,Card,delivered
ORD-100950,CUST-1016,2024-04-08 11:41:00,Mumbai,Card,delivered
ORD-100951,CUST-1003,2024-04-14 04:31:00,Bengaluru,Card,delivered
ORD-100952,CUST-1002,2024-06-22 11:51:00,Mumbai,Card,returned
ORD-100953,CUST-1050,2024-04-03 22:24:00,Bengaluru,UPI,delivered
ORD-100954,CUST-1065,2024-04-06 15:45:00,Delhi,COD,delivered
ORD-100955,CUST-1139,2024-06-29 15:12:00,Delhi,Card,delivered
ORD-100956,CUST-1090,2024-05-12 23:29:00,Mumbai,Card,delivered
ORD-100957,CUST-1142,2024-04-21 02:33:00,Bengaluru,COD,delivered
ORD-100958,CUST-1068,2024-06-09 11:29:00,Delhi,Card,delivered
ORD-100959,CUST-1130,2024-05-19 23:11:00,Delhi,Card,returned
ORD-100960,CUST-1094,2024-06-19 07:20:00,Bengaluru,Card,delivered
ORD-100961,CUST-1138,2024-05-20 06:33:00,Delhi,Card,delivered
ORD-100962,CUST-1040,2024-06-18 09:20:00,Bengaluru,COD,delivered
ORD-100963,CUST-1029,2024-04-13 16:42:00,Delhi,UPI,delivered
ORD-100964,CUST-1046,2024-04-05 06:06:00,Mumbai,UPI,delivered
ORD-100965,CUST-1009,2024-06-13 20:53:00,Mumbai,COD,delivered
ORD-100966,CUST-1135,2024-06-19 22:37:00,Bengaluru,COD,delivered
ORD-100967,CUST-1057,2024-06-17 22:04:00,Bengaluru,UPI,delivered
ORD-100968,CUST-1168,2024-06-02 02:29:00,Delhi,UPI,cancelled
ORD-100969,CUST-1093,2024-06-11 23:56:00,Delhi,COD,delivered
ORD-100970,CUST-1004,2024-04-08 19:17:00,Bengaluru,Card,delivered
ORD-100971,CUST-1019,2024-05-09 02:13:00,Delhi,UPI,returned
ORD-100972,CUST-1026,2024-04-30 17:24:00,Bengaluru,Card,delivered
ORD-100973,CUST-1169,2024-05-02 18:40:00,Delhi,Card,returned
ORD-100974,CUST-1192,2024-06-11 13:47:00,Mumbai,Card,delivered
ORD-100975,CUST-1148,2024-05-16 21:29:00,Mumbai,COD,delivered
ORD-100976,CUST-1027,2024-04-22 05:35:00,Mumbai,COD,delivered
ORD-100977,CUST-1169,2024-04-21 17:38:00,Delhi,COD,delivered
ORD-100978,CUST-1081,2024-06-10 10:54:00,Delhi,Card,delivered
ORD-100979,CUST-1111,2024-05-12 19:15:00,Bengaluru,UPI,delivered
ORD-100980,CUST-1097,2024-06-10 23:16:00,Delhi,COD,delivered
ORD-100981,CUST-1115,2024-05-21 00:46:00,Mumbai,COD,delivered
ORD-100982,CUST-1153,2024-04-03 16:08:00,Delhi,COD,returned
ORD-100983,CUST-1002,2024-05-09 07:13:00,Mumbai,UPI,returned
ORD-100984,CUST-1198,2024-06-28 08:58:00,Bengaluru,Card,delivered
ORD-100985,CUST-1147,2024-06-13 04:06:00,Delhi,COD,delivered
ORD-100986,CUST-1040,2024-04-18 08:23:00,Bengaluru,UPI,returned
ORD-100987,CUST-1060,2024-05-03 09:05:00,Delhi,Card,delivered
ORD-100988,CUST-1056,2024-04-10 23:20:00,Bengaluru,UPI,cancelled
ORD-100989,CUST-1125,2024-06-28 22:36:00,Delhi,UPI,cancelled
ORD-100990,CUST-1153,2024-06-22 09:02:00,Delhi,Card,delivered
ORD-100991,CUST-1098,2024-04-11 01:58:00,Bengaluru,COD,cancelled
ORD-100992,CUST-1112,2024-05-24 03:55:00,Bengaluru,Card,cancelled
ORD-100993,CUST-1168,2024-06-17 00:40:00,Delhi,COD,cancelled
ORD-100994,CUST-1014,2024-05-10 16:02:00,Bengaluru,Card,delivered
ORD-100995,CUST-1039,2024-05-12 16:44:00,Delhi,UPI,delivered
ORD-100996,CUST-1173,2024-05-21 14:48:00,Delhi,Card,delivered
ORD-100997,CUST-1024,2024-04-29 13:18:00,Bengaluru,UPI,cancelled
ORD-100998,CUST-1034,2024-05-14 02:30:00,Mumbai,UPI,delivered
ORD-100999,CUST-1141,2024-05-22 08:05:00,Bengaluru,COD,delivered
ORD-101000,CUST-1199,2024-06-29 04:48:00,Delhi,Card,delivered
ORD-100001,CUST-1174,2024-05-22 23:10:00,Delhi,UPI,cancelled
ORD-100002,CUST-1160,2024-06-08 00:58:00,Mumbai,Card,delivered
ORD-100003,CUST-1170,2024-04-04 02:41:00,Delhi,COD,delivered
ORD-100004,CUST-1047,2024-04-07 08:24:00,Bengaluru,COD,delivered
ORD-100005,CUST-1084,2024-05-14 12:17:00,Delhi,COD,cancelled
ORD-100006,CUST-1065,2024-04-11 15:01:00,Delhi,UPI,delivered
ORD-100007,CUST-1090,2024-04-29 20:04:00,Mumbai,Card,cancelled
ORD-100008,CUST-1011,2024-04-04 07:12:00,Mumbai,Card,cancelled
ORD-100009,CUST-1040,2024-05-01 04:30:00,Bengaluru,Card,delivered
ORD-100010,CUST-1056,2024-05-30 22:16:00,Bengaluru,UPI,cancelled
